,FileName,angry,sad,disgust,fear,neutral,happy,SpkrID,Gender,Split_Set,dominant_emotion
1,1067_WSI_HAP_XX.wav,0.198,0.104,0.104,0.292,0.292,0.01,1067,Male,Train,ambiguous
17,1080_IEO_ANG_MD.wav,0.292,0.01,0.292,0.198,0.198,0.01,1080,Male,Train,ambiguous
36,1082_IEO_HAP_LO.wav,0.01,0.01,0.01,0.095455,0.437273,0.437273,1082,Female,Train,ambiguous
48,1069_TSI_NEU_XX.wav,0.095455,0.01,0.351818,0.180909,0.351818,0.01,1069,Male,Train,ambiguous
70,1052_ITH_DIS_XX.wav,0.104,0.292,0.01,0.292,0.198,0.104,1052,Female,Train,ambiguous
99,1079_IWW_FEA_XX.wav,0.01,0.427778,0.114444,0.427778,0.01,0.01,1079,Female,Train,ambiguous
102,1085_TAI_FEA_XX.wav,0.01,0.218889,0.114444,0.323333,0.323333,0.01,1085,Male,Train,ambiguous
108,1054_TSI_DIS_XX.wav,0.01,0.114444,0.323333,0.218889,0.323333,0.01,1054,Female,Train,ambiguous
115,1082_TIE_DIS_XX.wav,0.218889,0.114444,0.218889,0.218889,0.218889,0.01,1082,Female,Train,ambiguous
151,1063_IOM_ANG_XX.wav,0.48,0.01,0.48,0.01,0.01,0.01,1063,Female,Train,ambiguous
166,1051_IEO_ANG_LO.wav,0.198,0.104,0.292,0.01,0.292,0.104,1051,Male,Train,ambiguous
192,1081_TAI_SAD_XX.wav,0.01,0.386,0.104,0.01,0.386,0.104,1081,Male,Train,ambiguous
203,1049_IOM_ANG_XX.wav,0.386,0.01,0.386,0.104,0.104,0.01,1049,Female,Train,ambiguous
223,1058_IOM_SAD_XX.wav,0.01,0.427778,0.114444,0.01,0.427778,0.01,1058,Female,Train,ambiguous
227,1070_TAI_SAD_XX.wav,0.01,0.427778,0.427778,0.01,0.114444,0.01,1070,Male,Train,ambiguous
230,1073_TAI_DIS_XX.wav,0.01,0.01,0.427778,0.114444,0.427778,0.01,1073,Female,Train,ambiguous
239,1088_TAI_SAD_XX.wav,0.01,0.427778,0.114444,0.01,0.427778,0.01,1088,Male,Train,ambiguous
241,1067_IEO_DIS_MD.wav,0.01,0.323333,0.218889,0.01,0.323333,0.114444,1067,Male,Train,ambiguous
246,1058_IEO_SAD_MD.wav,0.01,0.323333,0.114444,0.218889,0.323333,0.01,1058,Female,Train,ambiguous
268,1049_TSI_FEA_XX.wav,0.01,0.104,0.198,0.292,0.292,0.104,1049,Female,Train,ambiguous
269,1052_WSI_HAP_XX.wav,0.104,0.01,0.292,0.104,0.292,0.198,1052,Female,Train,ambiguous
278,1060_TSI_HAP_XX.wav,0.01,0.114444,0.323333,0.323333,0.218889,0.01,1060,Female,Train,ambiguous
322,1062_IEO_DIS_HI.wav,0.01,0.01,0.198,0.386,0.386,0.01,1062,Male,Train,ambiguous
347,1056_IEO_FEA_LO.wav,0.01,0.104,0.104,0.386,0.386,0.01,1056,Female,Train,ambiguous
354,1077_IWW_FEA_XX.wav,0.386,0.01,0.386,0.198,0.01,0.01,1077,Male,Train,ambiguous
368,1081_IOM_NEU_XX.wav,0.01,0.386,0.01,0.198,0.386,0.01,1081,Male,Train,ambiguous
394,1089_IEO_ANG_LO.wav,0.198,0.01,0.292,0.01,0.292,0.198,1089,Female,Train,ambiguous
395,1043_MTI_ANG_XX.wav,0.48,0.01,0.48,0.01,0.01,0.01,1043,Female,Train,ambiguous
396,1049_IWL_ANG_XX.wav,0.292,0.104,0.198,0.01,0.104,0.292,1049,Female,Train,ambiguous
398,1058_DFA_NEU_XX.wav,0.48,0.01,0.01,0.01,0.48,0.01,1058,Female,Train,ambiguous
400,1051_DFA_ANG_XX.wav,0.386,0.01,0.104,0.104,0.386,0.01,1051,Male,Train,ambiguous
424,1066_TAI_ANG_XX.wav,0.198,0.01,0.386,0.01,0.386,0.01,1066,Male,Train,ambiguous
431,1060_IWW_ANG_XX.wav,0.386,0.01,0.386,0.104,0.104,0.01,1060,Female,Train,ambiguous
433,1048_TIE_ANG_XX.wav,0.386,0.01,0.104,0.104,0.386,0.01,1048,Male,Train,ambiguous
434,1084_ITH_FEA_XX.wav,0.01,0.386,0.01,0.386,0.198,0.01,1084,Female,Train,ambiguous
451,1064_IWW_DIS_XX.wav,0.104,0.01,0.292,0.292,0.292,0.01,1064,Male,Train,ambiguous
461,1082_TIE_ANG_XX.wav,0.48,0.01,0.48,0.01,0.01,0.01,1082,Female,Train,ambiguous
473,1069_IWL_ANG_XX.wav,0.48,0.01,0.48,0.01,0.01,0.01,1069,Male,Train,ambiguous
483,1048_IWW_NEU_XX.wav,0.01,0.01,0.01,0.48,0.48,0.01,1048,Male,Train,ambiguous
487,1051_IWW_ANG_XX.wav,0.104,0.01,0.386,0.386,0.104,0.01,1051,Male,Train,ambiguous
508,1037_TIE_NEU_XX.wav,0.01,0.386,0.104,0.104,0.386,0.01,1037,Female,Train,ambiguous
516,1089_ITH_DIS_XX.wav,0.104,0.104,0.292,0.198,0.292,0.01,1089,Female,Train,ambiguous
519,1068_TAI_HAP_XX.wav,0.198,0.01,0.292,0.104,0.292,0.104,1068,Male,Train,ambiguous
524,1053_TIE_FEA_XX.wav,0.104,0.198,0.292,0.292,0.104,0.01,1053,Female,Train,ambiguous
525,1065_IWW_FEA_XX.wav,0.198,0.01,0.292,0.198,0.292,0.01,1065,Male,Train,ambiguous
528,1060_IWW_FEA_XX.wav,0.01,0.198,0.01,0.386,0.386,0.01,1060,Female,Train,ambiguous
537,1072_MTI_FEA_XX.wav,0.01,0.104,0.01,0.386,0.386,0.104,1072,Female,Train,ambiguous
566,1091_MTI_ANG_XX.wav,0.114444,0.114444,0.323333,0.114444,0.323333,0.01,1091,Female,Train,ambiguous
572,1055_IEO_SAD_HI.wav,0.01,0.427778,0.01,0.114444,0.427778,0.01,1055,Female,Train,ambiguous
581,1065_TAI_HAP_XX.wav,0.01,0.114444,0.01,0.323333,0.218889,0.323333,1065,Male,Train,ambiguous
649,1049_IWW_DIS_XX.wav,0.01,0.292,0.01,0.292,0.292,0.104,1049,Female,Train,ambiguous
653,1040_IOM_SAD_XX.wav,0.01,0.386,0.01,0.198,0.386,0.01,1040,Male,Train,ambiguous
655,1053_IWL_ANG_XX.wav,0.292,0.104,0.198,0.01,0.292,0.104,1053,Female,Train,ambiguous
707,1079_TAI_DIS_XX.wav,0.198,0.01,0.386,0.386,0.01,0.01,1079,Female,Train,ambiguous
708,1042_ITS_HAP_XX.wav,0.01,0.01,0.104,0.104,0.386,0.386,1042,Male,Train,ambiguous
735,1050_IWW_ANG_XX.wav,0.386,0.01,0.386,0.198,0.01,0.01,1050,Male,Train,ambiguous
742,1038_TIE_ANG_XX.wav,0.198,0.104,0.198,0.198,0.198,0.104,1038,Male,Train,ambiguous
747,1055_DFA_NEU_XX.wav,0.386,0.01,0.198,0.01,0.386,0.01,1055,Female,Train,ambiguous
777,1091_WSI_FEA_XX.wav,0.01,0.323333,0.114444,0.218889,0.323333,0.01,1091,Female,Train,ambiguous
782,1080_WSI_NEU_XX.wav,0.427778,0.01,0.427778,0.01,0.01,0.114444,1080,Male,Train,ambiguous
786,1077_TSI_ANG_XX.wav,0.323333,0.01,0.114444,0.323333,0.218889,0.01,1077,Male,Train,ambiguous
798,1071_ITS_SAD_XX.wav,0.01,0.427778,0.01,0.114444,0.427778,0.01,1071,Male,Train,ambiguous
815,1080_IEO_DIS_LO.wav,0.01,0.198,0.198,0.292,0.292,0.01,1080,Male,Train,ambiguous
834,1056_IWL_HAP_XX.wav,0.104,0.104,0.01,0.01,0.386,0.386,1056,Female,Train,ambiguous
839,1038_IOM_FEA_XX.wav,0.198,0.104,0.198,0.198,0.198,0.104,1038,Male,Train,ambiguous
845,1062_IWL_FEA_XX.wav,0.01,0.48,0.01,0.01,0.48,0.01,1062,Male,Train,ambiguous
859,1054_IEO_HAP_MD.wav,0.01,0.01,0.427778,0.01,0.427778,0.114444,1054,Female,Train,ambiguous
862,1072_TIE_FEA_XX.wav,0.427778,0.01,0.114444,0.01,0.427778,0.01,1072,Female,Train,ambiguous
865,1090_TAI_DIS_XX.wav,0.114444,0.01,0.114444,0.323333,0.323333,0.114444,1090,Male,Train,ambiguous
907,1064_MTI_SAD_XX.wav,0.01,0.427778,0.01,0.114444,0.427778,0.01,1064,Male,Train,ambiguous
947,1049_DFA_DIS_XX.wav,0.01,0.292,0.198,0.198,0.292,0.01,1049,Female,Train,ambiguous
948,1061_TSI_DIS_XX.wav,0.01,0.01,0.292,0.198,0.292,0.198,1061,Female,Train,ambiguous
951,1089_TIE_DIS_XX.wav,0.198,0.01,0.292,0.01,0.198,0.292,1089,Female,Train,ambiguous
965,1054_IEO_HAP_HI.wav,0.01,0.01,0.095455,0.437273,0.01,0.437273,1054,Female,Train,ambiguous
987,1072_MTI_DIS_XX.wav,0.01,0.104,0.01,0.104,0.386,0.386,1072,Female,Train,ambiguous
992,1069_MTI_SAD_XX.wav,0.01,0.48,0.01,0.01,0.48,0.01,1069,Male,Train,ambiguous
1008,1077_MTI_ANG_XX.wav,0.104,0.01,0.386,0.104,0.386,0.01,1077,Male,Train,ambiguous
1014,1041_IEO_SAD_HI.wav,0.01,0.48,0.01,0.01,0.48,0.01,1041,Male,Train,ambiguous
1021,1074_ITS_ANG_XX.wav,0.48,0.01,0.48,0.01,0.01,0.01,1074,Female,Train,ambiguous
1079,1072_TSI_HAP_XX.wav,0.114444,0.01,0.01,0.218889,0.323333,0.323333,1072,Female,Train,ambiguous
1080,1078_WSI_SAD_XX.wav,0.218889,0.218889,0.218889,0.114444,0.218889,0.01,1078,Female,Train,ambiguous
1090,1042_ITS_ANG_XX.wav,0.386,0.01,0.386,0.01,0.198,0.01,1042,Male,Train,ambiguous
1094,1076_TIE_SAD_XX.wav,0.198,0.292,0.104,0.104,0.292,0.01,1076,Female,Train,ambiguous
1099,1067_IEO_ANG_HI.wav,0.292,0.01,0.198,0.292,0.198,0.01,1067,Male,Train,ambiguous
1101,1088_IWW_ANG_XX.wav,0.48,0.01,0.48,0.01,0.01,0.01,1088,Male,Train,ambiguous
1107,1054_TAI_SAD_XX.wav,0.104,0.292,0.01,0.292,0.198,0.104,1054,Female,Train,ambiguous
1133,1073_TSI_HAP_XX.wav,0.095455,0.01,0.01,0.437273,0.437273,0.01,1073,Female,Train,ambiguous
1143,1077_ITS_ANG_XX.wav,0.386,0.01,0.386,0.01,0.104,0.104,1077,Male,Train,ambiguous
1160,1068_TAI_DIS_XX.wav,0.386,0.01,0.386,0.01,0.198,0.01,1068,Male,Train,ambiguous
1182,1054_MTI_DIS_XX.wav,0.01,0.01,0.323333,0.218889,0.323333,0.114444,1054,Female,Train,ambiguous
1239,1080_IOM_FEA_XX.wav,0.198,0.01,0.198,0.292,0.292,0.01,1080,Male,Train,ambiguous
1253,1059_ITH_HAP_XX.wav,0.104,0.01,0.01,0.104,0.386,0.386,1059,Male,Train,ambiguous
1255,1071_ITS_HAP_XX.wav,0.01,0.104,0.01,0.104,0.386,0.386,1071,Male,Train,ambiguous
1260,1080_TSI_DIS_XX.wav,0.104,0.104,0.292,0.292,0.198,0.01,1080,Male,Train,ambiguous
1262,1086_WSI_DIS_XX.wav,0.386,0.104,0.386,0.01,0.104,0.01,1086,Male,Train,ambiguous
1274,1044_WSI_HAP_XX.wav,0.351818,0.095455,0.351818,0.01,0.180909,0.01,1044,Male,Train,ambiguous
1283,1041_TSI_FEA_XX.wav,0.01,0.095455,0.01,0.437273,0.437273,0.01,1041,Male,Train,ambiguous
1289,1059_IEO_DIS_HI.wav,0.198,0.01,0.386,0.01,0.386,0.01,1059,Male,Train,ambiguous
1308,1081_IOM_ANG_XX.wav,0.386,0.01,0.198,0.01,0.386,0.01,1081,Male,Train,ambiguous
1316,1087_IWW_ANG_XX.wav,0.198,0.01,0.292,0.198,0.292,0.01,1087,Male,Train,ambiguous
1331,1047_ITS_ANG_XX.wav,0.386,0.01,0.104,0.01,0.386,0.104,1047,Female,Train,ambiguous
1340,1061_TIE_ANG_XX.wav,0.386,0.01,0.198,0.01,0.386,0.01,1061,Female,Train,ambiguous
1341,1043_IEO_HAP_LO.wav,0.01,0.01,0.01,0.01,0.48,0.48,1043,Female,Train,ambiguous
1365,1071_IEO_FEA_HI.wav,0.114444,0.01,0.114444,0.323333,0.323333,0.114444,1071,Male,Train,ambiguous
1390,1087_IWW_FEA_XX.wav,0.01,0.104,0.104,0.386,0.386,0.01,1087,Male,Train,ambiguous
1402,1083_TIE_SAD_XX.wav,0.01,0.48,0.01,0.01,0.48,0.01,1083,Male,Train,ambiguous
1416,1083_MTI_SAD_XX.wav,0.01,0.48,0.01,0.01,0.48,0.01,1083,Male,Train,ambiguous
1422,1062_TIE_FEA_XX.wav,0.01,0.386,0.104,0.104,0.386,0.01,1062,Male,Train,ambiguous
1464,1060_TAI_DIS_XX.wav,0.01,0.323333,0.323333,0.01,0.323333,0.01,1060,Female,Train,ambiguous
1468,1067_IOM_DIS_XX.wav,0.104,0.386,0.01,0.01,0.386,0.104,1067,Male,Train,ambiguous
1477,1070_IWW_SAD_XX.wav,0.01,0.104,0.386,0.104,0.386,0.01,1070,Male,Train,ambiguous
1479,1058_TIE_SAD_XX.wav,0.292,0.104,0.198,0.104,0.292,0.01,1058,Female,Train,ambiguous
1480,1061_TIE_DIS_XX.wav,0.292,0.104,0.198,0.01,0.104,0.292,1061,Female,Train,ambiguous
1494,1037_TSI_HAP_XX.wav,0.292,0.01,0.198,0.292,0.01,0.198,1037,Female,Train,ambiguous
1497,1046_WSI_FEA_XX.wav,0.292,0.01,0.292,0.01,0.292,0.104,1046,Female,Train,ambiguous
1506,1059_TIE_SAD_XX.wav,0.104,0.386,0.104,0.386,0.01,0.01,1059,Male,Train,ambiguous
1511,1047_IEO_SAD_HI.wav,0.01,0.198,0.01,0.386,0.386,0.01,1047,Female,Train,ambiguous
1524,1060_IEO_DIS_LO.wav,0.01,0.48,0.01,0.01,0.48,0.01,1060,Female,Train,ambiguous
1538,1049_MTI_FEA_XX.wav,0.01,0.427778,0.01,0.427778,0.114444,0.01,1049,Female,Train,ambiguous
1554,1064_DFA_HAP_XX.wav,0.01,0.323333,0.01,0.114444,0.218889,0.323333,1064,Male,Train,ambiguous
1572,1057_IWL_ANG_XX.wav,0.48,0.01,0.48,0.01,0.01,0.01,1057,Male,Train,ambiguous
1577,1047_IEO_DIS_LO.wav,0.01,0.292,0.104,0.292,0.292,0.01,1047,Female,Train,ambiguous
1580,1071_TAI_ANG_XX.wav,0.198,0.01,0.386,0.01,0.386,0.01,1071,Male,Train,ambiguous
1589,1086_ITH_HAP_XX.wav,0.01,0.01,0.01,0.198,0.386,0.386,1086,Male,Train,ambiguous
1600,1078_IOM_SAD_XX.wav,0.01,0.48,0.01,0.01,0.48,0.01,1078,Female,Train,ambiguous
1613,1064_TSI_SAD_XX.wav,0.104,0.292,0.01,0.292,0.292,0.01,1064,Male,Train,ambiguous
1617,1080_IEO_SAD_HI.wav,0.198,0.198,0.198,0.198,0.198,0.01,1080,Male,Train,ambiguous
1638,1082_TIE_HAP_XX.wav,0.292,0.01,0.198,0.104,0.292,0.104,1082,Female,Train,ambiguous
1649,1052_ITH_FEA_XX.wav,0.01,0.198,0.01,0.386,0.386,0.01,1052,Female,Train,ambiguous
1651,1070_TSI_FEA_XX.wav,0.01,0.01,0.104,0.386,0.386,0.104,1070,Male,Train,ambiguous
1684,1043_IEO_ANG_LO.wav,0.01,0.01,0.48,0.01,0.48,0.01,1043,Female,Train,ambiguous
1699,1061_IOM_ANG_XX.wav,0.48,0.01,0.48,0.01,0.01,0.01,1061,Female,Train,ambiguous
1702,1081_IEO_FEA_MD.wav,0.01,0.386,0.104,0.104,0.386,0.01,1081,Male,Train,ambiguous
1705,1050_DFA_FEA_XX.wav,0.104,0.104,0.198,0.292,0.292,0.01,1050,Male,Train,ambiguous
1707,1059_TSI_HAP_XX.wav,0.198,0.104,0.198,0.198,0.198,0.104,1059,Male,Train,ambiguous
1711,1065_WSI_HAP_XX.wav,0.292,0.01,0.198,0.104,0.292,0.104,1065,Male,Train,ambiguous
1717,1044_ITH_FEA_XX.wav,0.01,0.198,0.198,0.292,0.292,0.01,1044,Male,Train,ambiguous
1723,1042_ITS_DIS_XX.wav,0.01,0.104,0.386,0.104,0.386,0.01,1042,Male,Train,ambiguous
1737,1043_ITH_SAD_XX.wav,0.01,0.48,0.01,0.01,0.48,0.01,1043,Female,Train,ambiguous
1745,1086_IEO_DIS_HI.wav,0.01,0.3625,0.3625,0.01,0.245,0.01,1086,Male,Train,ambiguous
1766,1088_TSI_DIS_XX.wav,0.01,0.104,0.386,0.104,0.386,0.01,1088,Male,Train,ambiguous
1773,1064_IWL_FEA_XX.wav,0.01,0.292,0.104,0.292,0.292,0.01,1064,Male,Train,ambiguous
1794,1058_IEO_SAD_LO.wav,0.01,0.412857,0.144286,0.01,0.412857,0.01,1058,Female,Train,ambiguous
1796,1082_IWW_HAP_XX.wav,0.01,0.144286,0.01,0.01,0.412857,0.412857,1082,Female,Train,ambiguous
1807,1042_TSI_HAP_XX.wav,0.01,0.01,0.01,0.144286,0.412857,0.412857,1042,Male,Train,ambiguous
1808,1064_IEO_FEA_LO.wav,0.01,0.144286,0.278571,0.278571,0.278571,0.01,1064,Male,Train,ambiguous
1809,1088_TAI_HAP_XX.wav,0.01,0.412857,0.01,0.01,0.412857,0.144286,1088,Male,Train,ambiguous
1844,1058_IWL_SAD_XX.wav,0.01,0.437273,0.095455,0.01,0.437273,0.01,1058,Female,Train,ambiguous
1872,1067_IOM_HAP_XX.wav,0.01,0.104,0.104,0.01,0.386,0.386,1067,Male,Train,ambiguous
1880,1079_TAI_SAD_XX.wav,0.104,0.292,0.104,0.198,0.292,0.01,1079,Female,Train,ambiguous
1939,1087_ITS_DIS_XX.wav,0.01,0.01,0.386,0.198,0.386,0.01,1087,Male,Train,ambiguous
1940,1090_TSI_SAD_XX.wav,0.01,0.198,0.292,0.292,0.198,0.01,1090,Male,Train,ambiguous
1956,1072_IEO_ANG_LO.wav,0.386,0.01,0.386,0.01,0.198,0.01,1072,Female,Train,ambiguous
1958,1090_IOM_FEA_XX.wav,0.01,0.48,0.01,0.01,0.48,0.01,1090,Male,Train,ambiguous
1971,1047_ITS_HAP_XX.wav,0.01,0.104,0.292,0.104,0.292,0.198,1047,Female,Train,ambiguous
1986,1066_ITH_FEA_XX.wav,0.01,0.198,0.01,0.386,0.386,0.01,1066,Male,Train,ambiguous
1987,1051_MTI_HAP_XX.wav,0.01,0.104,0.104,0.198,0.292,0.292,1051,Male,Train,ambiguous
1988,1072_DFA_FEA_XX.wav,0.01,0.01,0.104,0.292,0.292,0.292,1072,Female,Train,ambiguous
1996,1091_IEO_FEA_MD.wav,0.104,0.104,0.01,0.386,0.386,0.01,1091,Female,Train,ambiguous
2004,1066_ITS_FEA_XX.wav,0.01,0.198,0.01,0.386,0.386,0.01,1066,Male,Train,ambiguous
2028,1065_ITS_HAP_XX.wav,0.01,0.01,0.198,0.01,0.386,0.386,1065,Male,Train,ambiguous
2032,1056_ITH_FEA_XX.wav,0.01,0.198,0.01,0.386,0.386,0.01,1056,Female,Train,ambiguous
2041,1074_TSI_FEA_XX.wav,0.01,0.292,0.104,0.292,0.292,0.01,1074,Female,Train,ambiguous
2043,1077_WSI_SAD_XX.wav,0.292,0.104,0.292,0.01,0.292,0.01,1077,Male,Train,ambiguous
2055,1055_TAI_ANG_XX.wav,0.386,0.01,0.386,0.104,0.104,0.01,1055,Female,Train,ambiguous
2058,1067_IWL_ANG_XX.wav,0.292,0.104,0.292,0.01,0.292,0.01,1067,Male,Train,ambiguous
2062,1043_IOM_ANG_XX.wav,0.292,0.01,0.292,0.198,0.198,0.01,1043,Female,Train,ambiguous
2065,1041_DFA_DIS_XX.wav,0.104,0.104,0.292,0.198,0.292,0.01,1041,Male,Train,ambiguous
2071,1059_WSI_DIS_XX.wav,0.386,0.01,0.386,0.01,0.104,0.104,1059,Male,Train,ambiguous
2080,1087_IOM_DIS_XX.wav,0.104,0.198,0.292,0.104,0.292,0.01,1087,Male,Train,ambiguous
2088,1080_DFA_DIS_XX.wav,0.218889,0.01,0.323333,0.114444,0.323333,0.01,1080,Male,Train,ambiguous
2109,1060_IEO_FEA_HI.wav,0.292,0.104,0.198,0.292,0.104,0.01,1060,Female,Train,ambiguous
2110,1075_IOM_DIS_XX.wav,0.01,0.292,0.104,0.292,0.292,0.01,1075,Female,Train,ambiguous
2115,1069_TIE_DIS_XX.wav,0.386,0.104,0.386,0.01,0.01,0.104,1069,Male,Train,ambiguous
2125,1043_IEO_SAD_HI.wav,0.01,0.198,0.01,0.386,0.386,0.01,1043,Female,Train,ambiguous
2140,1046_TIE_HAP_XX.wav,0.218889,0.01,0.323333,0.01,0.114444,0.323333,1046,Female,Train,ambiguous
2145,1052_IOM_HAP_XX.wav,0.01,0.114444,0.01,0.218889,0.323333,0.323333,1052,Female,Train,ambiguous
2162,1083_TIE_DIS_XX.wav,0.104,0.198,0.292,0.104,0.292,0.01,1083,Male,Train,ambiguous
2199,1037_TIE_SAD_XX.wav,0.01,0.386,0.01,0.198,0.386,0.01,1037,Female,Train,ambiguous
2202,1058_TAI_DIS_XX.wav,0.01,0.292,0.292,0.104,0.292,0.01,1058,Female,Train,ambiguous
2215,1039_IEO_DIS_LO.wav,0.01,0.48,0.01,0.01,0.48,0.01,1039,Male,Train,ambiguous
2237,1060_IOM_ANG_XX.wav,0.323333,0.01,0.323333,0.01,0.323333,0.01,1060,Female,Train,ambiguous
2245,1066_IWW_ANG_XX.wav,0.427778,0.01,0.427778,0.01,0.114444,0.01,1066,Male,Train,ambiguous
2261,1081_ITS_DIS_XX.wav,0.01,0.01,0.48,0.01,0.48,0.01,1081,Male,Train,ambiguous
2264,1078_ITS_SAD_XX.wav,0.01,0.386,0.104,0.386,0.104,0.01,1078,Female,Train,ambiguous
2298,1051_TSI_ANG_XX.wav,0.104,0.01,0.292,0.292,0.292,0.01,1051,Male,Train,ambiguous
2303,1042_IEO_HAP_HI.wav,0.095455,0.01,0.01,0.01,0.437273,0.437273,1042,Male,Train,ambiguous
2310,1063_IOM_SAD_XX.wav,0.01,0.437273,0.01,0.01,0.437273,0.095455,1063,Female,Train,ambiguous
2313,1072_IWW_DIS_XX.wav,0.01,0.01,0.180909,0.351818,0.351818,0.095455,1072,Female,Train,ambiguous
2315,1081_MTI_ANG_XX.wav,0.351818,0.01,0.266364,0.01,0.351818,0.01,1081,Male,Train,ambiguous
2321,1076_TIE_HAP_XX.wav,0.198,0.01,0.198,0.01,0.292,0.292,1076,Female,Train,ambiguous
2330,1091_IWW_DIS_XX.wav,0.01,0.01,0.104,0.386,0.386,0.104,1091,Female,Train,ambiguous
2335,1067_IEO_ANG_MD.wav,0.292,0.01,0.104,0.01,0.292,0.292,1067,Male,Train,ambiguous
2337,1079_TIE_DIS_XX.wav,0.198,0.01,0.386,0.01,0.386,0.01,1079,Female,Train,ambiguous
2345,1059_TAI_FEA_XX.wav,0.114444,0.01,0.427778,0.427778,0.01,0.01,1059,Male,Train,ambiguous
2346,1038_TIE_HAP_XX.wav,0.01,0.114444,0.114444,0.114444,0.323333,0.323333,1038,Male,Train,ambiguous
2363,1038_IWL_DIS_XX.wav,0.386,0.01,0.386,0.01,0.198,0.01,1038,Male,Train,ambiguous
2367,1090_TIE_DIS_XX.wav,0.104,0.104,0.386,0.01,0.386,0.01,1090,Male,Train,ambiguous
2377,1047_IWW_DIS_XX.wav,0.01,0.104,0.386,0.386,0.104,0.01,1047,Female,Train,ambiguous
2379,1038_IOM_SAD_XX.wav,0.104,0.386,0.01,0.104,0.386,0.01,1038,Male,Train,ambiguous
2385,1059_MTI_DIS_XX.wav,0.104,0.104,0.198,0.292,0.01,0.292,1059,Male,Train,ambiguous
2403,1059_IWL_DIS_XX.wav,0.292,0.104,0.292,0.01,0.292,0.01,1059,Male,Train,ambiguous
2408,1038_IWW_SAD_XX.wav,0.01,0.198,0.198,0.292,0.292,0.01,1038,Male,Train,ambiguous
2425,1051_ITH_ANG_XX.wav,0.104,0.104,0.386,0.01,0.386,0.01,1051,Male,Train,ambiguous
2435,1069_IWW_HAP_XX.wav,0.104,0.01,0.104,0.292,0.292,0.198,1069,Male,Train,ambiguous
2436,1081_MTI_SAD_XX.wav,0.01,0.48,0.01,0.01,0.48,0.01,1081,Male,Train,ambiguous
2441,1078_TAI_DIS_XX.wav,0.104,0.292,0.292,0.198,0.104,0.01,1078,Female,Train,ambiguous
2446,1045_IEO_DIS_HI.wav,0.01,0.323333,0.218889,0.114444,0.323333,0.01,1045,Male,Train,ambiguous
2448,1066_TAI_SAD_XX.wav,0.114444,0.01,0.427778,0.01,0.427778,0.01,1066,Male,Train,ambiguous
2457,1072_MTI_SAD_XX.wav,0.01,0.323333,0.114444,0.218889,0.323333,0.01,1072,Female,Train,ambiguous
2461,1090_DFA_ANG_XX.wav,0.323333,0.01,0.218889,0.114444,0.323333,0.01,1090,Male,Train,ambiguous
2470,1080_IWW_SAD_XX.wav,0.01,0.323333,0.323333,0.218889,0.114444,0.01,1080,Male,Train,ambiguous
2473,1086_TAI_SAD_XX.wav,0.323333,0.01,0.114444,0.218889,0.323333,0.01,1086,Male,Train,ambiguous
2486,1050_IEO_DIS_LO.wav,0.104,0.198,0.292,0.104,0.292,0.01,1050,Male,Train,ambiguous
2487,1089_ITH_HAP_XX.wav,0.01,0.01,0.01,0.01,0.48,0.48,1089,Female,Train,ambiguous
2490,1071_TAI_NEU_XX.wav,0.104,0.386,0.104,0.01,0.386,0.01,1071,Male,Train,ambiguous
2516,1080_IOM_DIS_XX.wav,0.218889,0.323333,0.114444,0.01,0.323333,0.01,1080,Male,Train,ambiguous
2529,1077_WSI_HAP_XX.wav,0.198,0.01,0.386,0.01,0.386,0.01,1077,Male,Train,ambiguous
2530,1080_WSI_FEA_XX.wav,0.104,0.292,0.292,0.104,0.198,0.01,1080,Male,Train,ambiguous
2532,1068_ITS_ANG_XX.wav,0.01,0.01,0.386,0.01,0.386,0.198,1068,Male,Train,ambiguous
2572,1039_MTI_DIS_XX.wav,0.01,0.01,0.48,0.01,0.48,0.01,1039,Male,Train,ambiguous
2574,1069_TSI_DIS_XX.wav,0.01,0.104,0.292,0.292,0.292,0.01,1069,Male,Train,ambiguous
2576,1075_WSI_DIS_XX.wav,0.01,0.48,0.01,0.01,0.48,0.01,1075,Female,Train,ambiguous
2579,1063_ITS_DIS_XX.wav,0.01,0.198,0.198,0.292,0.292,0.01,1063,Female,Train,ambiguous
2591,1063_MTI_HAP_XX.wav,0.01,0.266364,0.01,0.180909,0.266364,0.266364,1063,Female,Train,ambiguous
2638,1043_TAI_ANG_XX.wav,0.198,0.198,0.198,0.198,0.198,0.01,1043,Female,Train,ambiguous
2667,1038_IEO_DIS_LO.wav,0.01,0.198,0.386,0.01,0.386,0.01,1038,Male,Train,ambiguous
2691,1058_MTI_DIS_XX.wav,0.01,0.01,0.386,0.104,0.386,0.104,1058,Female,Train,ambiguous
2717,1071_IWL_SAD_XX.wav,0.01,0.386,0.01,0.104,0.386,0.104,1071,Male,Train,ambiguous
2729,1074_IWL_DIS_XX.wav,0.198,0.292,0.198,0.01,0.292,0.01,1074,Female,Train,ambiguous
2738,1082_IWW_ANG_XX.wav,0.323333,0.01,0.114444,0.323333,0.218889,0.01,1082,Female,Train,ambiguous
2753,1064_ITH_ANG_XX.wav,0.48,0.01,0.48,0.01,0.01,0.01,1064,Male,Train,ambiguous
2758,1046_TAI_ANG_XX.wav,0.48,0.01,0.48,0.01,0.01,0.01,1046,Female,Train,ambiguous
2766,1088_WSI_FEA_XX.wav,0.01,0.386,0.01,0.198,0.386,0.01,1088,Male,Train,ambiguous
2778,1044_IWW_HAP_XX.wav,0.01,0.01,0.218889,0.323333,0.323333,0.114444,1044,Male,Train,ambiguous
2796,1050_IWL_HAP_XX.wav,0.01,0.104,0.292,0.104,0.292,0.198,1050,Male,Train,ambiguous
2799,1080_WSI_SAD_XX.wav,0.01,0.386,0.104,0.104,0.386,0.01,1080,Male,Train,ambiguous
2802,1074_TSI_HAP_XX.wav,0.386,0.01,0.386,0.01,0.104,0.104,1074,Female,Train,ambiguous
2812,1085_IWW_HAP_XX.wav,0.01,0.01,0.386,0.198,0.386,0.01,1085,Male,Train,ambiguous
2824,1067_IEO_FEA_LO.wav,0.198,0.01,0.292,0.198,0.292,0.01,1067,Male,Train,ambiguous
2831,1091_IEO_HAP_MD.wav,0.198,0.198,0.292,0.01,0.292,0.01,1091,Female,Train,ambiguous
2833,1075_ITS_FEA_XX.wav,0.01,0.104,0.104,0.386,0.386,0.01,1075,Female,Train,ambiguous
2834,1054_IWL_HAP_XX.wav,0.01,0.01,0.01,0.01,0.48,0.48,1054,Female,Train,ambiguous
2843,1070_IEO_ANG_LO.wav,0.386,0.01,0.198,0.01,0.386,0.01,1070,Male,Train,ambiguous
2877,1045_IEO_FEA_MD.wav,0.48,0.01,0.01,0.01,0.48,0.01,1045,Male,Train,ambiguous
2891,1084_IEO_SAD_MD.wav,0.01,0.48,0.01,0.01,0.48,0.01,1084,Female,Train,ambiguous
2895,1041_MTI_FEA_XX.wav,0.01,0.198,0.01,0.386,0.386,0.01,1041,Male,Train,ambiguous
2896,1074_WSI_HAP_XX.wav,0.292,0.01,0.198,0.01,0.198,0.292,1074,Female,Train,ambiguous
2903,1061_MTI_HAP_XX.wav,0.01,0.01,0.01,0.198,0.386,0.386,1061,Female,Train,ambiguous
2937,1070_DFA_HAP_XX.wav,0.01,0.01,0.01,0.01,0.48,0.48,1070,Male,Train,ambiguous
2969,1071_WSI_NEU_XX.wav,0.104,0.104,0.386,0.01,0.386,0.01,1071,Male,Train,ambiguous
2971,1056_IWW_FEA_XX.wav,0.198,0.01,0.292,0.292,0.198,0.01,1056,Female,Train,ambiguous
2975,1059_TAI_HAP_XX.wav,0.104,0.01,0.292,0.104,0.198,0.292,1059,Male,Train,ambiguous
2988,1050_IOM_FEA_XX.wav,0.198,0.386,0.01,0.01,0.386,0.01,1050,Male,Train,ambiguous
3000,1063_IEO_DIS_MD.wav,0.01,0.104,0.198,0.104,0.292,0.292,1063,Female,Train,ambiguous
3049,1074_IEO_DIS_MD.wav,0.198,0.104,0.01,0.104,0.292,0.292,1074,Female,Train,ambiguous
3059,1080_TIE_DIS_XX.wav,0.292,0.104,0.198,0.01,0.292,0.104,1080,Male,Train,ambiguous
3097,1086_DFA_HAP_XX.wav,0.01,0.01,0.095455,0.01,0.437273,0.437273,1086,Male,Train,ambiguous
3103,1041_IEO_DIS_LO.wav,0.01,0.437273,0.095455,0.01,0.437273,0.01,1041,Male,Train,ambiguous
3107,1065_TAI_ANG_XX.wav,0.437273,0.01,0.437273,0.01,0.095455,0.01,1065,Male,Train,ambiguous
3125,1084_IEO_HAP_HI.wav,0.198,0.01,0.198,0.01,0.292,0.292,1084,Female,Train,ambiguous
3127,1077_WSI_ANG_XX.wav,0.386,0.01,0.386,0.01,0.198,0.01,1077,Male,Train,ambiguous
3129,1074_TSI_DIS_XX.wav,0.198,0.01,0.01,0.386,0.386,0.01,1074,Female,Train,ambiguous
3134,1042_IWL_ANG_XX.wav,0.198,0.01,0.292,0.01,0.292,0.198,1042,Male,Train,ambiguous
3191,1088_IEO_HAP_HI.wav,0.292,0.01,0.104,0.01,0.292,0.292,1088,Male,Train,ambiguous
3199,1081_WSI_ANG_XX.wav,0.198,0.292,0.01,0.104,0.292,0.104,1081,Male,Train,ambiguous
3214,1090_ITS_SAD_XX.wav,0.01,0.386,0.01,0.198,0.386,0.01,1090,Male,Train,ambiguous
3222,1087_DFA_DIS_XX.wav,0.104,0.292,0.292,0.104,0.198,0.01,1087,Male,Train,ambiguous
3236,1073_IWW_SAD_XX.wav,0.01,0.114444,0.01,0.427778,0.427778,0.01,1073,Female,Train,ambiguous
3258,1042_IEO_FEA_LO.wav,0.104,0.01,0.104,0.01,0.386,0.386,1042,Male,Train,ambiguous
3279,1057_TIE_DIS_XX.wav,0.114444,0.323333,0.323333,0.01,0.218889,0.01,1057,Male,Train,ambiguous
3284,1039_IEO_HAP_HI.wav,0.01,0.114444,0.114444,0.323333,0.114444,0.323333,1039,Male,Train,ambiguous
3297,1062_WSI_SAD_XX.wav,0.01,0.386,0.104,0.104,0.386,0.01,1062,Male,Train,ambiguous
3303,1084_TIE_SAD_XX.wav,0.104,0.386,0.104,0.01,0.386,0.01,1084,Female,Train,ambiguous
3315,1055_WSI_HAP_XX.wav,0.323333,0.01,0.114444,0.01,0.218889,0.323333,1055,Female,Train,ambiguous
3320,1058_WSI_FEA_XX.wav,0.427778,0.01,0.114444,0.427778,0.01,0.01,1058,Female,Train,ambiguous
3321,1080_TIE_FEA_XX.wav,0.01,0.323333,0.01,0.323333,0.218889,0.114444,1080,Male,Train,ambiguous
3338,1085_ITH_HAP_XX.wav,0.01,0.01,0.01,0.198,0.386,0.386,1085,Male,Train,ambiguous
3349,1088_ITH_FEA_XX.wav,0.01,0.198,0.01,0.386,0.386,0.01,1088,Male,Train,ambiguous
3355,1064_WSI_HAP_XX.wav,0.01,0.01,0.01,0.01,0.48,0.48,1064,Male,Train,ambiguous
3356,1058_TSI_HAP_XX.wav,0.01,0.114444,0.114444,0.323333,0.114444,0.323333,1058,Female,Train,ambiguous
3366,1046_DFA_HAP_XX.wav,0.01,0.01,0.01,0.01,0.48,0.48,1046,Female,Train,ambiguous
3378,1046_IWW_ANG_XX.wav,0.01,0.01,0.01,0.48,0.48,0.01,1046,Female,Train,ambiguous
3394,1038_IWL_SAD_XX.wav,0.01,0.386,0.01,0.104,0.386,0.104,1038,Male,Train,ambiguous
3414,1057_IWL_DIS_XX.wav,0.104,0.01,0.198,0.104,0.292,0.292,1057,Male,Train,ambiguous
3415,1051_MTI_DIS_XX.wav,0.198,0.292,0.198,0.01,0.292,0.01,1051,Male,Train,ambiguous
3426,1068_TIE_FEA_XX.wav,0.114444,0.323333,0.114444,0.323333,0.114444,0.01,1068,Male,Train,ambiguous
3447,1058_DFA_HAP_XX.wav,0.01,0.01,0.104,0.104,0.386,0.386,1058,Female,Train,ambiguous
3450,1040_MTI_HAP_XX.wav,0.01,0.292,0.01,0.198,0.198,0.292,1040,Male,Train,ambiguous
3486,1040_DFA_HAP_XX.wav,0.01,0.114444,0.01,0.01,0.427778,0.427778,1040,Male,Train,ambiguous
3500,1080_ITH_SAD_XX.wav,0.01,0.427778,0.01,0.427778,0.114444,0.01,1080,Male,Train,ambiguous
3501,1077_IWL_DIS_XX.wav,0.114444,0.114444,0.323333,0.114444,0.323333,0.01,1077,Male,Train,ambiguous
3524,1078_TIE_HAP_XX.wav,0.292,0.104,0.01,0.198,0.292,0.104,1078,Female,Train,ambiguous
3547,1052_IEO_SAD_HI.wav,0.01,0.48,0.01,0.01,0.48,0.01,1052,Female,Train,ambiguous
3583,1084_DFA_FEA_XX.wav,0.01,0.437273,0.01,0.095455,0.437273,0.01,1084,Female,Train,ambiguous
3586,1038_WSI_ANG_XX.wav,0.48,0.01,0.48,0.01,0.01,0.01,1038,Male,Train,ambiguous
3601,1066_IOM_SAD_XX.wav,0.01,0.386,0.198,0.01,0.386,0.01,1066,Male,Train,ambiguous
3608,1079_WSI_HAP_XX.wav,0.218889,0.01,0.323333,0.01,0.114444,0.323333,1079,Female,Train,ambiguous
3609,1089_IEO_SAD_LO.wav,0.01,0.427778,0.114444,0.01,0.427778,0.01,1089,Female,Train,ambiguous
3613,1040_TAI_ANG_XX.wav,0.218889,0.218889,0.114444,0.114444,0.218889,0.114444,1040,Male,Train,ambiguous
3634,1084_ITS_FEA_XX.wav,0.01,0.104,0.104,0.386,0.386,0.01,1084,Female,Train,ambiguous
3655,1086_ITS_ANG_XX.wav,0.386,0.01,0.386,0.01,0.198,0.01,1086,Male,Train,ambiguous
3666,1059_IWL_NEU_XX.wav,0.198,0.01,0.386,0.01,0.386,0.01,1059,Male,Train,ambiguous
3673,1071_DFA_NEU_XX.wav,0.386,0.01,0.386,0.104,0.104,0.01,1071,Male,Train,ambiguous
3674,1077_ITS_HAP_XX.wav,0.01,0.104,0.104,0.01,0.386,0.386,1077,Male,Train,ambiguous
3713,1037_IEO_FEA_MD.wav,0.01,0.427778,0.01,0.114444,0.427778,0.01,1037,Female,Train,ambiguous
3727,1082_ITH_DIS_XX.wav,0.218889,0.01,0.323333,0.323333,0.114444,0.01,1082,Female,Train,ambiguous
3731,1068_IWW_SAD_XX.wav,0.01,0.01,0.01,0.48,0.48,0.01,1068,Male,Train,ambiguous
3768,1054_ITH_DIS_XX.wav,0.01,0.427778,0.114444,0.01,0.427778,0.01,1054,Female,Train,ambiguous
3802,1041_TAI_DIS_XX.wav,0.01,0.01,0.48,0.01,0.48,0.01,1041,Male,Train,ambiguous
3827,1086_IOM_ANG_XX.wav,0.427778,0.01,0.427778,0.01,0.114444,0.01,1086,Male,Train,ambiguous
3841,1044_IEO_SAD_LO.wav,0.01,0.218889,0.323333,0.114444,0.323333,0.01,1044,Male,Train,ambiguous
3842,1077_TAI_FEA_XX.wav,0.218889,0.114444,0.323333,0.01,0.323333,0.01,1077,Male,Train,ambiguous
3845,1071_IWW_ANG_XX.wav,0.114444,0.01,0.323333,0.218889,0.323333,0.01,1071,Male,Train,ambiguous
3873,1090_WSI_NEU_XX.wav,0.323333,0.01,0.323333,0.01,0.323333,0.01,1090,Male,Train,ambiguous
3892,1049_IWW_FEA_XX.wav,0.01,0.01,0.01,0.48,0.48,0.01,1049,Female,Train,ambiguous
3901,1083_IWL_SAD_XX.wav,0.01,0.437273,0.01,0.095455,0.437273,0.01,1083,Male,Train,ambiguous
3915,1050_ITH_FEA_XX.wav,0.01,0.01,0.01,0.48,0.48,0.01,1050,Male,Train,ambiguous
3919,1084_IEO_ANG_MD.wav,0.1275,0.01,0.3625,0.01,0.3625,0.1275,1084,Female,Train,ambiguous
3924,1044_IWL_FEA_XX.wav,0.3625,0.01,0.01,0.3625,0.245,0.01,1044,Male,Train,ambiguous
3927,1038_MTI_FEA_XX.wav,0.01,0.01,0.01,0.245,0.3625,0.3625,1038,Male,Train,ambiguous
4027,1056_TSI_DIS_XX.wav,0.114444,0.01,0.01,0.323333,0.218889,0.323333,1056,Female,Train,ambiguous
4035,1059_WSI_SAD_XX.wav,0.104,0.198,0.292,0.01,0.292,0.104,1059,Male,Train,ambiguous
4036,1087_IOM_SAD_XX.wav,0.01,0.386,0.104,0.104,0.386,0.01,1087,Male,Train,ambiguous
4043,1084_TSI_ANG_XX.wav,0.180909,0.01,0.351818,0.095455,0.351818,0.01,1084,Female,Train,ambiguous
4044,1051_TAI_DIS_XX.wav,0.01,0.01,0.437273,0.095455,0.437273,0.01,1051,Male,Train,ambiguous
4051,1075_DFA_DIS_XX.wav,0.01,0.437273,0.01,0.095455,0.437273,0.01,1075,Female,Train,ambiguous
4052,1063_IWL_DIS_XX.wav,0.095455,0.01,0.437273,0.01,0.437273,0.01,1063,Female,Train,ambiguous
4053,1069_ITH_DIS_XX.wav,0.351818,0.01,0.351818,0.095455,0.180909,0.01,1069,Male,Train,ambiguous
4062,1077_WSI_FEA_XX.wav,0.386,0.104,0.386,0.01,0.104,0.01,1077,Male,Train,ambiguous
4082,1042_TSI_DIS_XX.wav,0.104,0.01,0.292,0.104,0.292,0.198,1042,Male,Train,ambiguous
4100,1076_TIE_DIS_XX.wav,0.386,0.01,0.386,0.01,0.198,0.01,1076,Female,Train,ambiguous
4107,1039_ITS_ANG_XX.wav,0.48,0.01,0.48,0.01,0.01,0.01,1039,Male,Train,ambiguous
4157,1067_TAI_DIS_XX.wav,0.198,0.198,0.198,0.198,0.198,0.01,1067,Male,Train,ambiguous
4165,1077_DFA_ANG_XX.wav,0.386,0.01,0.104,0.104,0.386,0.01,1077,Male,Train,ambiguous
4184,1046_TIE_DIS_XX.wav,0.323333,0.114444,0.323333,0.114444,0.114444,0.01,1046,Female,Train,ambiguous
4185,1064_TAI_DIS_XX.wav,0.218889,0.01,0.323333,0.114444,0.323333,0.01,1064,Male,Train,ambiguous
4190,1091_ITS_ANG_XX.wav,0.323333,0.01,0.218889,0.114444,0.323333,0.01,1091,Female,Train,ambiguous
4195,1055_IWW_SAD_XX.wav,0.01,0.114444,0.01,0.427778,0.427778,0.01,1055,Female,Train,ambiguous
4202,1042_IWL_FEA_XX.wav,0.3625,0.01,0.1275,0.01,0.3625,0.1275,1042,Male,Train,ambiguous
4206,1066_TSI_FEA_XX.wav,0.1275,0.1275,0.01,0.3625,0.3625,0.01,1066,Male,Train,ambiguous
4212,1079_IEO_SAD_MD.wav,0.01,0.48,0.01,0.01,0.48,0.01,1079,Female,Train,ambiguous
4216,1069_WSI_HAP_XX.wav,0.3625,0.01,0.01,0.01,0.245,0.3625,1069,Male,Train,ambiguous
4220,1046_IEO_ANG_MD.wav,0.104,0.01,0.292,0.104,0.292,0.198,1046,Female,Train,ambiguous
4222,1091_ITH_SAD_XX.wav,0.01,0.104,0.104,0.386,0.386,0.01,1091,Female,Train,ambiguous
4233,1055_TIE_HAP_XX.wav,0.292,0.01,0.104,0.198,0.292,0.104,1055,Female,Train,ambiguous
4240,1063_IEO_SAD_LO.wav,0.01,0.427778,0.114444,0.01,0.427778,0.01,1063,Female,Train,ambiguous
4283,1038_IEO_SAD_HI.wav,0.01,0.48,0.01,0.01,0.48,0.01,1038,Male,Train,ambiguous
4301,1049_MTI_DIS_XX.wav,0.292,0.198,0.292,0.104,0.104,0.01,1049,Female,Train,ambiguous
4326,1091_IWL_HAP_XX.wav,0.01,0.01,0.01,0.01,0.48,0.48,1091,Female,Train,ambiguous
4349,1050_ITS_HAP_XX.wav,0.01,0.01,0.01,0.114444,0.427778,0.427778,1050,Male,Train,ambiguous
4351,1072_IEO_SAD_LO.wav,0.01,0.427778,0.114444,0.01,0.427778,0.01,1072,Female,Train,ambiguous
4360,1078_IEO_FEA_MD.wav,0.114444,0.323333,0.01,0.323333,0.218889,0.01,1078,Female,Train,ambiguous
4372,1090_IWL_SAD_XX.wav,0.01,0.292,0.104,0.292,0.292,0.01,1090,Male,Train,ambiguous
4374,1075_IWW_FEA_XX.wav,0.01,0.198,0.01,0.386,0.386,0.01,1075,Female,Train,ambiguous
4383,1050_TSI_DIS_XX.wav,0.114444,0.01,0.323333,0.218889,0.323333,0.01,1050,Male,Train,ambiguous
4390,1066_IEO_ANG_MD.wav,0.114444,0.114444,0.323333,0.114444,0.323333,0.01,1066,Male,Train,ambiguous
4396,1078_TIE_DIS_XX.wav,0.114444,0.323333,0.218889,0.323333,0.01,0.01,1078,Female,Train,ambiguous
4398,1041_ITS_SAD_XX.wav,0.01,0.323333,0.01,0.323333,0.218889,0.114444,1041,Male,Train,ambiguous
4435,1046_WSI_HAP_XX.wav,0.386,0.01,0.01,0.01,0.386,0.198,1046,Female,Train,ambiguous
4445,1085_ITH_FEA_XX.wav,0.01,0.323333,0.114444,0.218889,0.323333,0.01,1085,Male,Train,ambiguous
4464,1082_IWW_FEA_XX.wav,0.104,0.104,0.01,0.386,0.386,0.01,1082,Female,Train,ambiguous
4465,1058_IEO_ANG_LO.wav,0.104,0.292,0.292,0.01,0.292,0.01,1058,Female,Train,ambiguous
4479,1068_IEO_DIS_HI.wav,0.386,0.01,0.386,0.104,0.104,0.01,1068,Male,Train,ambiguous
4515,1017_TIE_SAD_XX.wav,0.114444,0.427778,0.01,0.01,0.427778,0.01,1017,Male,Test,ambiguous
4517,1011_IEO_FEA_HI.wav,0.323333,0.01,0.114444,0.323333,0.114444,0.114444,1011,Male,Test,ambiguous
4521,1018_MTI_HAP_XX.wav,0.01,0.292,0.01,0.292,0.104,0.292,1018,Female,Test,ambiguous
4560,1002_ITH_DIS_XX.wav,0.104,0.292,0.198,0.292,0.104,0.01,1002,Female,Test,ambiguous
4578,1006_TSI_DIS_XX.wav,0.104,0.104,0.386,0.01,0.386,0.01,1006,Female,Test,ambiguous
4580,1003_DFA_FEA_XX.wav,0.01,0.323333,0.01,0.323333,0.323333,0.01,1003,Female,Test,ambiguous
4616,1007_ITH_ANG_XX.wav,0.292,0.01,0.292,0.104,0.292,0.01,1007,Female,Test,ambiguous
4619,1013_TSI_SAD_XX.wav,0.01,0.323333,0.114444,0.323333,0.218889,0.01,1013,Female,Test,ambiguous
4630,1008_MTI_HAP_XX.wav,0.01,0.01,0.198,0.198,0.292,0.292,1008,Female,Test,ambiguous
4638,1006_IOM_FEA_XX.wav,0.01,0.104,0.104,0.386,0.386,0.01,1006,Female,Test,ambiguous
4664,1014_TSI_HAP_XX.wav,0.292,0.104,0.104,0.292,0.198,0.01,1014,Male,Test,ambiguous
4669,1003_TSI_DIS_XX.wav,0.114444,0.01,0.427778,0.01,0.427778,0.01,1003,Female,Test,ambiguous
4674,1015_TSI_HAP_XX.wav,0.114444,0.01,0.01,0.427778,0.01,0.427778,1015,Male,Test,ambiguous
4691,1008_IOM_FEA_XX.wav,0.01,0.292,0.104,0.292,0.292,0.01,1008,Female,Test,ambiguous
4694,1015_MTI_ANG_XX.wav,0.386,0.104,0.386,0.01,0.104,0.01,1015,Male,Test,ambiguous
4699,1004_ITS_ANG_XX.wav,0.427778,0.01,0.427778,0.01,0.114444,0.01,1004,Female,Test,ambiguous
4707,1007_MTI_ANG_XX.wav,0.198,0.198,0.198,0.198,0.198,0.01,1007,Female,Test,ambiguous
4710,1016_TAI_SAD_XX.wav,0.01,0.180909,0.351818,0.01,0.351818,0.095455,1016,Male,Test,ambiguous
4716,1001_WSI_HAP_XX.wav,0.386,0.01,0.01,0.104,0.386,0.104,1001,Male,Test,ambiguous
4744,1012_ITH_DIS_XX.wav,0.198,0.104,0.292,0.104,0.292,0.01,1012,Female,Test,ambiguous
4755,1004_TIE_HAP_XX.wav,0.266364,0.01,0.266364,0.180909,0.266364,0.01,1004,Female,Test,ambiguous
4761,1010_TIE_FEA_XX.wav,0.292,0.01,0.104,0.292,0.198,0.104,1010,Female,Test,ambiguous
4767,1016_ITH_HAP_XX.wav,0.01,0.01,0.01,0.01,0.48,0.48,1016,Male,Test,ambiguous
4768,1004_IWW_HAP_XX.wav,0.01,0.01,0.095455,0.180909,0.351818,0.351818,1004,Female,Test,ambiguous
4772,1017_IWW_SAD_XX.wav,0.01,0.104,0.198,0.292,0.292,0.104,1017,Male,Test,ambiguous
4790,1006_IWW_HAP_XX.wav,0.114444,0.01,0.114444,0.114444,0.323333,0.323333,1006,Female,Test,ambiguous
4803,1010_IEO_FEA_LO.wav,0.01,0.3625,0.01,0.1275,0.3625,0.1275,1010,Female,Test,ambiguous
4812,1010_TIE_SAD_XX.wav,0.104,0.386,0.01,0.104,0.386,0.01,1010,Female,Test,ambiguous
4842,1005_IEO_ANG_MD.wav,0.48,0.01,0.48,0.01,0.01,0.01,1005,Male,Test,ambiguous
4859,1015_IEO_ANG_MD.wav,0.48,0.01,0.48,0.01,0.01,0.01,1015,Male,Test,ambiguous
4861,1006_IEO_DIS_HI.wav,0.427778,0.01,0.427778,0.01,0.114444,0.01,1006,Female,Test,ambiguous
4866,1006_MTI_HAP_XX.wav,0.01,0.01,0.01,0.01,0.48,0.48,1006,Female,Test,ambiguous
4867,1018_TAI_ANG_XX.wav,0.386,0.01,0.386,0.104,0.104,0.01,1018,Female,Test,ambiguous
4871,1005_WSI_FEA_XX.wav,0.01,0.292,0.198,0.198,0.292,0.01,1005,Male,Test,ambiguous
4874,1001_IEO_ANG_MD.wav,0.401667,0.088333,0.401667,0.01,0.088333,0.01,1001,Male,Test,ambiguous
4876,1007_IEO_DIS_HI.wav,0.323333,0.01,0.245,0.088333,0.323333,0.01,1007,Female,Test,ambiguous
4892,1011_IEO_SAD_LO.wav,0.198,0.292,0.292,0.01,0.198,0.01,1011,Male,Test,ambiguous
4898,1018_IEO_HAP_HI.wav,0.437273,0.01,0.437273,0.01,0.095455,0.01,1018,Female,Test,ambiguous
4927,1014_IWW_HAP_XX.wav,0.01,0.104,0.292,0.292,0.292,0.01,1014,Male,Test,ambiguous
4931,1009_ITS_SAD_XX.wav,0.01,0.218889,0.114444,0.323333,0.323333,0.01,1009,Female,Test,ambiguous
4935,1008_IWL_DIS_XX.wav,0.351818,0.01,0.180909,0.01,0.351818,0.095455,1008,Female,Test,ambiguous
4964,1016_DFA_FEA_XX.wav,0.218889,0.01,0.114444,0.323333,0.323333,0.01,1016,Male,Test,ambiguous
4981,1013_WSI_NEU_XX.wav,0.386,0.01,0.104,0.104,0.386,0.01,1013,Female,Test,ambiguous
4991,1005_WSI_HAP_XX.wav,0.323333,0.01,0.114444,0.01,0.323333,0.218889,1005,Male,Test,ambiguous
5006,1013_ITS_DIS_XX.wav,0.01,0.198,0.386,0.01,0.386,0.01,1013,Female,Test,ambiguous
5015,1017_TSI_DIS_XX.wav,0.198,0.01,0.292,0.292,0.198,0.01,1017,Male,Test,ambiguous
5016,1008_ITH_SAD_XX.wav,0.01,0.198,0.01,0.386,0.386,0.01,1008,Female,Test,ambiguous
5026,1005_IOM_SAD_XX.wav,0.01,0.386,0.198,0.01,0.386,0.01,1005,Male,Test,ambiguous
5030,1006_IEO_ANG_MD.wav,0.292,0.01,0.104,0.01,0.292,0.292,1006,Female,Test,ambiguous
5035,1016_IWL_DIS_XX.wav,0.180909,0.01,0.351818,0.01,0.095455,0.351818,1016,Male,Test,ambiguous
5036,1007_ITS_SAD_XX.wav,0.01,0.292,0.01,0.292,0.292,0.104,1007,Female,Test,ambiguous
5050,1012_IOM_HAP_XX.wav,0.351818,0.01,0.266364,0.01,0.351818,0.01,1012,Female,Test,ambiguous
5064,1008_IWL_SAD_XX.wav,0.323333,0.218889,0.114444,0.01,0.323333,0.01,1008,Female,Test,ambiguous
5073,1003_DFA_SAD_XX.wav,0.01,0.386,0.01,0.198,0.386,0.01,1003,Female,Test,ambiguous
5079,1008_IWW_SAD_XX.wav,0.104,0.01,0.386,0.386,0.104,0.01,1008,Female,Test,ambiguous
5081,1009_IWL_FEA_XX.wav,0.292,0.01,0.104,0.292,0.01,0.292,1009,Female,Test,ambiguous
5090,1018_ITS_ANG_XX.wav,0.386,0.01,0.386,0.104,0.104,0.01,1018,Female,Test,ambiguous
5099,1004_IEO_DIS_LO.wav,0.01,0.198,0.386,0.01,0.386,0.01,1004,Female,Test,ambiguous
5105,1006_MTI_DIS_XX.wav,0.166667,0.323333,0.323333,0.166667,0.01,0.01,1006,Female,Test,ambiguous
5129,1015_ITS_HAP_XX.wav,0.01,0.01,0.104,0.292,0.292,0.292,1015,Male,Test,ambiguous
5144,1008_TAI_SAD_XX.wav,0.292,0.01,0.104,0.292,0.198,0.104,1008,Female,Test,ambiguous
5158,1015_IEO_FEA_MD.wav,0.01,0.198,0.104,0.292,0.292,0.104,1015,Male,Test,ambiguous
5171,1010_IWW_SAD_XX.wav,0.01,0.088333,0.088333,0.401667,0.401667,0.01,1010,Female,Test,ambiguous
5180,1006_DFA_FEA_XX.wav,0.01,0.48,0.01,0.01,0.48,0.01,1006,Female,Test,ambiguous
5189,1001_IWW_SAD_XX.wav,0.01,0.104,0.104,0.386,0.386,0.01,1001,Male,Test,ambiguous
5202,1005_TSI_SAD_XX.wav,0.104,0.104,0.292,0.292,0.198,0.01,1005,Male,Test,ambiguous
5245,1015_ITH_SAD_XX.wav,0.104,0.386,0.01,0.104,0.386,0.01,1015,Male,Test,ambiguous
5246,1009_IWL_SAD_XX.wav,0.01,0.48,0.01,0.01,0.48,0.01,1009,Female,Test,ambiguous
5270,1007_IEO_ANG_HI.wav,0.437273,0.01,0.437273,0.095455,0.01,0.01,1007,Female,Test,ambiguous
5276,1002_IEO_HAP_HI.wav,0.01,0.01,0.198,0.386,0.01,0.386,1002,Female,Test,ambiguous
5285,1005_IWW_ANG_XX.wav,0.180909,0.01,0.351818,0.351818,0.095455,0.01,1005,Male,Test,ambiguous
5300,1011_TAI_FEA_XX.wav,0.01,0.01,0.386,0.104,0.386,0.104,1011,Male,Test,ambiguous
5307,1009_IWW_HAP_XX.wav,0.01,0.01,0.104,0.104,0.386,0.386,1009,Female,Test,ambiguous
5333,1007_IEO_DIS_MD.wav,0.198,0.104,0.292,0.104,0.292,0.01,1007,Female,Test,ambiguous
5334,1004_IEO_FEA_MD.wav,0.292,0.01,0.292,0.104,0.292,0.01,1004,Female,Test,ambiguous
5340,1013_ITH_HAP_XX.wav,0.292,0.104,0.01,0.104,0.198,0.292,1013,Female,Test,ambiguous
5341,1007_TAI_HAP_XX.wav,0.01,0.386,0.01,0.198,0.386,0.01,1007,Female,Test,ambiguous
5348,1001_TAI_DIS_XX.wav,0.218889,0.01,0.323333,0.114444,0.323333,0.01,1001,Male,Test,ambiguous
5378,1018_TAI_FEA_XX.wav,0.01,0.114444,0.218889,0.323333,0.323333,0.01,1018,Female,Test,ambiguous
5382,1004_IEO_ANG_MD.wav,0.48,0.01,0.48,0.01,0.01,0.01,1004,Female,Test,ambiguous
5387,1016_IWW_FEA_XX.wav,0.01,0.01,0.01,0.48,0.48,0.01,1016,Male,Test,ambiguous
5391,1018_TAI_DIS_XX.wav,0.01,0.323333,0.218889,0.323333,0.114444,0.01,1018,Female,Test,ambiguous
5393,1007_IWL_FEA_XX.wav,0.01,0.48,0.01,0.01,0.48,0.01,1007,Female,Test,ambiguous
5400,1007_TSI_DIS_XX.wav,0.01,0.104,0.292,0.198,0.292,0.104,1007,Female,Test,ambiguous
5401,1016_ITS_FEA_XX.wav,0.01,0.198,0.01,0.386,0.386,0.01,1016,Male,Test,ambiguous
5441,1009_TIE_SAD_XX.wav,0.01,0.104,0.386,0.104,0.386,0.01,1009,Female,Test,ambiguous
5463,1017_IEO_ANG_MD.wav,0.01,0.01,0.198,0.386,0.386,0.01,1017,Male,Test,ambiguous
5474,1004_IEO_HAP_HI.wav,0.104,0.01,0.104,0.386,0.01,0.386,1004,Female,Test,ambiguous
5494,1013_MTI_HAP_XX.wav,0.266364,0.266364,0.095455,0.180909,0.095455,0.095455,1013,Female,Test,ambiguous
5501,1003_ITH_DIS_XX.wav,0.01,0.386,0.01,0.198,0.386,0.01,1003,Female,Test,ambiguous
5509,1004_TAI_ANG_XX.wav,0.48,0.01,0.48,0.01,0.01,0.01,1004,Female,Test,ambiguous
5536,1002_ITH_SAD_XX.wav,0.01,0.245,0.245,0.245,0.245,0.01,1002,Female,Test,ambiguous
5549,1012_WSI_SAD_XX.wav,0.104,0.198,0.104,0.292,0.292,0.01,1012,Female,Test,ambiguous
5553,1005_TSI_ANG_XX.wav,0.292,0.01,0.292,0.292,0.01,0.104,1005,Male,Test,ambiguous
5573,1005_WSI_SAD_XX.wav,0.01,0.386,0.198,0.01,0.386,0.01,1005,Male,Test,ambiguous
5578,1006_ITH_HAP_XX.wav,0.01,0.01,0.01,0.01,0.48,0.48,1006,Female,Test,ambiguous
5589,1018_IEO_SAD_LO.wav,0.01,0.427778,0.114444,0.01,0.427778,0.01,1018,Female,Test,ambiguous
5595,1007_IWW_SAD_XX.wav,0.01,0.266364,0.095455,0.266364,0.266364,0.095455,1007,Female,Test,ambiguous
5603,1013_IEO_HAP_MD.wav,0.104,0.01,0.292,0.01,0.292,0.292,1013,Female,Test,ambiguous
5604,1006_ITS_SAD_XX.wav,0.01,0.292,0.104,0.292,0.292,0.01,1006,Female,Test,ambiguous
5606,1008_IEO_DIS_MD.wav,0.386,0.104,0.386,0.104,0.01,0.01,1008,Female,Test,ambiguous
5612,1003_WSI_DIS_XX.wav,0.292,0.292,0.292,0.01,0.104,0.01,1003,Female,Test,ambiguous
5638,1010_ITS_ANG_XX.wav,0.323333,0.01,0.323333,0.01,0.323333,0.01,1010,Female,Test,ambiguous
5639,1007_TIE_SAD_XX.wav,0.01,0.351818,0.01,0.095455,0.351818,0.180909,1007,Female,Test,ambiguous
5649,1007_IWW_DIS_XX.wav,0.095455,0.095455,0.266364,0.266364,0.266364,0.01,1007,Female,Test,ambiguous
5659,1016_IWW_HAP_XX.wav,0.01,0.01,0.01,0.198,0.386,0.386,1016,Male,Test,ambiguous
5677,1008_IWL_FEA_XX.wav,0.437273,0.437273,0.01,0.01,0.01,0.095455,1008,Female,Test,ambiguous
5719,1012_DFA_DIS_XX.wav,0.323333,0.01,0.323333,0.01,0.323333,0.01,1012,Female,Test,ambiguous
5753,1001_ITH_HAP_XX.wav,0.114444,0.01,0.01,0.323333,0.323333,0.218889,1001,Male,Test,ambiguous
5754,1004_ITH_DIS_XX.wav,0.01,0.323333,0.218889,0.323333,0.114444,0.01,1004,Female,Test,ambiguous
5767,1016_TIE_DIS_XX.wav,0.3625,0.1275,0.3625,0.01,0.1275,0.01,1016,Male,Test,ambiguous
5769,1014_IWL_DIS_XX.wav,0.48,0.01,0.48,0.01,0.01,0.01,1014,Male,Test,ambiguous
5773,1002_TIE_SAD_XX.wav,0.1275,0.3625,0.1275,0.3625,0.01,0.01,1002,Female,Test,ambiguous
5774,1006_TSI_HAP_XX.wav,0.104,0.01,0.198,0.292,0.292,0.104,1006,Female,Test,ambiguous
5775,1010_IEO_SAD_LO.wav,0.01,0.386,0.198,0.01,0.386,0.01,1010,Female,Test,ambiguous
5778,1006_TIE_DIS_XX.wav,0.104,0.104,0.292,0.104,0.292,0.104,1006,Female,Test,ambiguous
5788,1015_DFA_FEA_XX.wav,0.292,0.104,0.104,0.198,0.292,0.01,1015,Male,Test,ambiguous
5790,1018_TAI_HAP_XX.wav,0.01,0.01,0.104,0.386,0.386,0.104,1018,Female,Test,ambiguous
5793,1015_IEO_DIS_LO.wav,0.104,0.292,0.292,0.104,0.198,0.01,1015,Male,Test,ambiguous
5795,1012_IEO_FEA_LO.wav,0.01,0.48,0.01,0.01,0.48,0.01,1012,Female,Test,ambiguous
5801,1014_IOM_FEA_XX.wav,0.01,0.198,0.01,0.386,0.386,0.01,1014,Male,Test,ambiguous
5807,1015_IOM_ANG_XX.wav,0.351818,0.01,0.351818,0.01,0.266364,0.01,1015,Male,Test,ambiguous
5809,1001_TIE_HAP_XX.wav,0.292,0.01,0.198,0.104,0.292,0.104,1001,Male,Test,ambiguous
5818,1002_IWW_ANG_XX.wav,0.386,0.01,0.386,0.104,0.104,0.01,1002,Female,Test,ambiguous
5834,1015_ITH_DIS_XX.wav,0.01,0.386,0.01,0.198,0.386,0.01,1015,Male,Test,ambiguous
5852,1005_IWW_HAP_XX.wav,0.01,0.01,0.01,0.245,0.3625,0.3625,1005,Male,Test,ambiguous
5863,1016_IEO_DIS_LO.wav,0.01,0.104,0.386,0.104,0.386,0.01,1016,Male,Test,ambiguous
5886,1008_MTI_SAD_XX.wav,0.114444,0.323333,0.114444,0.323333,0.114444,0.01,1008,Female,Test,ambiguous
5887,1002_TAI_SAD_XX.wav,0.01,0.323333,0.323333,0.323333,0.01,0.01,1002,Female,Test,ambiguous
5889,1011_ITH_DIS_XX.wav,0.01,0.114444,0.427778,0.01,0.427778,0.01,1011,Male,Test,ambiguous
5914,1004_ITS_SAD_XX.wav,0.01,0.386,0.104,0.386,0.104,0.01,1004,Female,Test,ambiguous
5921,1011_IOM_ANG_XX.wav,0.386,0.01,0.386,0.01,0.198,0.01,1011,Male,Test,ambiguous
5936,1001_MTI_HAP_XX.wav,0.104,0.01,0.01,0.104,0.386,0.386,1001,Male,Test,ambiguous
5947,1010_IEO_FEA_MD.wav,0.01,0.323333,0.218889,0.114444,0.323333,0.01,1010,Female,Test,ambiguous
5954,1001_ITH_ANG_XX.wav,0.292,0.01,0.292,0.104,0.292,0.01,1001,Male,Test,ambiguous
5960,1007_IWL_HAP_XX.wav,0.01,0.01,0.01,0.01,0.48,0.48,1007,Female,Test,ambiguous
5980,1029_TAI_SAD_XX.wav,0.01,0.386,0.01,0.386,0.198,0.01,1029,Female,Development,ambiguous
6000,1033_ITS_DIS_XX.wav,0.104,0.01,0.386,0.104,0.386,0.01,1033,Male,Development,ambiguous
6001,1021_ITH_DIS_XX.wav,0.01,0.323333,0.01,0.323333,0.323333,0.01,1021,Female,Development,ambiguous
6009,1030_IWL_DIS_XX.wav,0.114444,0.01,0.427778,0.01,0.427778,0.01,1030,Female,Development,ambiguous
6028,1020_DFA_HAP_XX.wav,0.01,0.104,0.01,0.104,0.386,0.386,1020,Female,Development,ambiguous
6051,1021_IWL_DIS_XX.wav,0.01,0.427778,0.114444,0.01,0.427778,0.01,1021,Female,Development,ambiguous
6062,1036_IWL_HAP_XX.wav,0.323333,0.01,0.114444,0.01,0.323333,0.218889,1036,Male,Development,ambiguous
6099,1019_IEO_DIS_LO.wav,0.01,0.104,0.198,0.292,0.292,0.104,1019,Male,Development,ambiguous
6104,1033_MTI_ANG_XX.wav,0.104,0.01,0.386,0.104,0.386,0.01,1033,Male,Development,ambiguous
6124,1021_IEO_HAP_LO.wav,0.01,0.198,0.01,0.01,0.386,0.386,1021,Female,Development,ambiguous
6137,1022_TSI_SAD_XX.wav,0.01,0.386,0.104,0.386,0.104,0.01,1022,Male,Development,ambiguous
6153,1033_ITS_ANG_XX.wav,0.323333,0.01,0.114444,0.218889,0.323333,0.01,1033,Male,Development,ambiguous
6162,1025_WSI_SAD_XX.wav,0.01,0.427778,0.01,0.114444,0.427778,0.01,1025,Female,Development,ambiguous
6164,1020_TIE_SAD_XX.wav,0.104,0.292,0.01,0.292,0.292,0.01,1020,Female,Development,ambiguous
6189,1031_TSI_HAP_XX.wav,0.01,0.104,0.01,0.104,0.386,0.386,1031,Male,Development,ambiguous
6216,1019_IWW_HAP_XX.wav,0.01,0.01,0.01,0.198,0.386,0.386,1019,Male,Development,ambiguous
6230,1034_IWL_ANG_XX.wav,0.292,0.104,0.292,0.01,0.292,0.01,1034,Male,Development,ambiguous
6242,1032_TIE_FEA_XX.wav,0.01,0.198,0.292,0.198,0.292,0.01,1032,Male,Development,ambiguous
6248,1026_ITH_DIS_XX.wav,0.114444,0.01,0.323333,0.218889,0.323333,0.01,1026,Male,Development,ambiguous
6255,1021_DFA_FEA_XX.wav,0.01,0.386,0.01,0.198,0.386,0.01,1021,Female,Development,ambiguous
6256,1027_ITS_FEA_XX.wav,0.01,0.01,0.01,0.48,0.48,0.01,1027,Male,Development,ambiguous
6260,1026_TAI_ANG_XX.wav,0.427778,0.01,0.114444,0.427778,0.01,0.01,1026,Male,Development,ambiguous
6267,1028_IEO_SAD_HI.wav,0.01,0.323333,0.218889,0.114444,0.323333,0.01,1028,Female,Development,ambiguous
6271,1033_IWW_DIS_XX.wav,0.01,0.01,0.351818,0.351818,0.266364,0.01,1033,Male,Development,ambiguous
6303,1032_IOM_ANG_XX.wav,0.198,0.01,0.386,0.01,0.386,0.01,1032,Male,Development,ambiguous
6336,1019_IEO_FEA_MD.wav,0.292,0.01,0.292,0.104,0.292,0.01,1019,Male,Development,ambiguous
6343,1035_IEO_SAD_HI.wav,0.01,0.386,0.198,0.01,0.386,0.01,1035,Male,Development,ambiguous
6344,1020_TIE_ANG_XX.wav,0.48,0.01,0.48,0.01,0.01,0.01,1020,Female,Development,ambiguous
6397,1035_ITH_ANG_XX.wav,0.104,0.01,0.292,0.198,0.292,0.104,1035,Male,Development,ambiguous
6415,1026_ITH_HAP_XX.wav,0.01,0.01,0.104,0.386,0.386,0.104,1026,Male,Development,ambiguous
6421,1024_IEO_SAD_HI.wav,0.01,0.104,0.01,0.386,0.386,0.104,1024,Female,Development,ambiguous
6433,1034_TSI_DIS_XX.wav,0.292,0.01,0.292,0.198,0.198,0.01,1034,Male,Development,ambiguous
6438,1033_TIE_HAP_XX.wav,0.386,0.01,0.104,0.104,0.386,0.01,1033,Male,Development,ambiguous
6465,1019_WSI_DIS_XX.wav,0.292,0.292,0.292,0.01,0.104,0.01,1019,Male,Development,ambiguous
6488,1033_IOM_ANG_XX.wav,0.48,0.01,0.48,0.01,0.01,0.01,1033,Male,Development,ambiguous
6504,1025_DFA_ANG_XX.wav,0.351818,0.01,0.095455,0.095455,0.351818,0.095455,1025,Female,Development,ambiguous
6523,1020_WSI_SAD_XX.wav,0.01,0.48,0.01,0.01,0.48,0.01,1020,Female,Development,ambiguous
6539,1027_TSI_FEA_XX.wav,0.01,0.104,0.01,0.386,0.386,0.104,1027,Male,Development,ambiguous
6548,1028_TAI_DIS_XX.wav,0.1275,0.245,0.245,0.1275,0.245,0.01,1028,Female,Development,ambiguous
6551,1034_TIE_FEA_XX.wav,0.292,0.01,0.198,0.104,0.292,0.104,1034,Male,Development,ambiguous
6556,1034_IWW_DIS_XX.wav,0.01,0.114444,0.218889,0.323333,0.323333,0.01,1034,Male,Development,ambiguous
6563,1027_ITH_FEA_XX.wav,0.01,0.144286,0.01,0.412857,0.412857,0.01,1027,Male,Development,ambiguous
6575,1022_IEO_FEA_HI.wav,0.01,0.095455,0.01,0.351818,0.180909,0.351818,1022,Male,Development,ambiguous
6586,1024_DFA_DIS_XX.wav,0.292,0.01,0.292,0.104,0.292,0.01,1024,Female,Development,ambiguous
6598,1029_IEO_ANG_LO.wav,0.180909,0.095455,0.351818,0.01,0.351818,0.01,1029,Female,Development,ambiguous
6604,1033_IEO_DIS_MD.wav,0.386,0.01,0.386,0.104,0.104,0.01,1033,Male,Development,ambiguous
6606,1026_MTI_FEA_XX.wav,0.01,0.386,0.01,0.198,0.386,0.01,1026,Male,Development,ambiguous
6609,1023_MTI_HAP_XX.wav,0.01,0.104,0.01,0.104,0.386,0.386,1023,Male,Development,ambiguous
6635,1026_IOM_FEA_XX.wav,0.386,0.01,0.01,0.198,0.386,0.01,1026,Male,Development,ambiguous
6653,1020_IWW_SAD_XX.wav,0.01,0.104,0.01,0.386,0.386,0.104,1020,Female,Development,ambiguous
6681,1034_IEO_DIS_HI.wav,0.292,0.01,0.104,0.104,0.198,0.292,1034,Male,Development,ambiguous
6698,1033_TIE_FEA_XX.wav,0.198,0.292,0.104,0.104,0.292,0.01,1033,Male,Development,ambiguous
6701,1021_TIE_SAD_XX.wav,0.01,0.386,0.386,0.01,0.198,0.01,1021,Female,Development,ambiguous
6727,1026_IEO_SAD_MD.wav,0.292,0.104,0.198,0.104,0.292,0.01,1026,Male,Development,ambiguous
6768,1022_MTI_SAD_XX.wav,0.01,0.266364,0.180909,0.180909,0.266364,0.095455,1022,Male,Development,ambiguous
6779,1021_WSI_DIS_XX.wav,0.198,0.01,0.386,0.01,0.386,0.01,1021,Female,Development,ambiguous
6780,1027_IEO_ANG_MD.wav,0.292,0.01,0.292,0.104,0.198,0.104,1027,Male,Development,ambiguous
6784,1019_ITS_HAP_XX.wav,0.104,0.292,0.01,0.01,0.292,0.292,1019,Male,Development,ambiguous
6791,1025_ITH_SAD_XX.wav,0.01,0.386,0.104,0.104,0.386,0.01,1025,Female,Development,ambiguous
6795,1022_IWL_DIS_XX.wav,0.48,0.01,0.48,0.01,0.01,0.01,1022,Male,Development,ambiguous
6834,1032_IEO_ANG_LO.wav,0.104,0.292,0.01,0.292,0.292,0.01,1032,Male,Development,ambiguous
6843,1034_TIE_DIS_XX.wav,0.198,0.01,0.292,0.104,0.292,0.104,1034,Male,Development,ambiguous
6850,1023_TSI_ANG_XX.wav,0.386,0.01,0.104,0.104,0.386,0.01,1023,Male,Development,ambiguous
6912,1019_TIE_DIS_XX.wav,0.386,0.01,0.386,0.01,0.01,0.198,1019,Male,Development,ambiguous
6920,1022_IEO_HAP_MD.wav,0.01,0.01,0.114444,0.01,0.427778,0.427778,1022,Male,Development,ambiguous
6923,1033_IWL_DIS_XX.wav,0.218889,0.01,0.323333,0.01,0.323333,0.114444,1033,Male,Development,ambiguous
6932,1023_IWW_NEU_XX.wav,0.01,0.01,0.01,0.48,0.48,0.01,1023,Male,Development,ambiguous
6935,1020_IOM_ANG_XX.wav,0.48,0.01,0.48,0.01,0.01,0.01,1020,Female,Development,ambiguous
6939,1020_IOM_SAD_XX.wav,0.01,0.48,0.01,0.01,0.48,0.01,1020,Female,Development,ambiguous
6941,1029_IEO_SAD_MD.wav,0.01,0.386,0.01,0.386,0.198,0.01,1029,Female,Development,ambiguous
6944,1035_ITS_DIS_XX.wav,0.104,0.01,0.386,0.01,0.386,0.104,1035,Male,Development,ambiguous
6946,1023_ITH_DIS_XX.wav,0.01,0.01,0.01,0.427778,0.427778,0.114444,1023,Male,Development,ambiguous
6948,1026_DFA_SAD_XX.wav,0.01,0.427778,0.01,0.114444,0.427778,0.01,1026,Male,Development,ambiguous
6957,1024_ITS_FEA_XX.wav,0.01,0.198,0.01,0.292,0.292,0.198,1024,Female,Development,ambiguous
6975,1029_TSI_DIS_XX.wav,0.351818,0.01,0.351818,0.01,0.180909,0.095455,1029,Female,Development,ambiguous
6979,1025_WSI_FEA_XX.wav,0.01,0.351818,0.01,0.351818,0.266364,0.01,1025,Female,Development,ambiguous
6981,1022_WSI_HAP_XX.wav,0.095455,0.01,0.180909,0.01,0.351818,0.351818,1022,Male,Development,ambiguous
6984,1019_TSI_FEA_XX.wav,0.01,0.01,0.095455,0.437273,0.437273,0.01,1019,Male,Development,ambiguous
6992,1020_TIE_DIS_XX.wav,0.01,0.01,0.48,0.01,0.48,0.01,1020,Female,Development,ambiguous
6999,1026_TIE_NEU_XX.wav,0.01,0.386,0.104,0.104,0.386,0.01,1026,Male,Development,ambiguous
7009,1036_IWL_FEA_XX.wav,0.01,0.386,0.01,0.386,0.198,0.01,1036,Male,Development,ambiguous
7014,1036_IWW_DIS_XX.wav,0.198,0.01,0.292,0.292,0.198,0.01,1036,Male,Development,ambiguous
7030,1033_IEO_HAP_LO.wav,0.01,0.01,0.01,0.01,0.48,0.48,1033,Male,Development,ambiguous
7049,1029_MTI_DIS_XX.wav,0.198,0.01,0.292,0.104,0.292,0.104,1029,Female,Development,ambiguous
7051,1026_MTI_SAD_XX.wav,0.01,0.386,0.198,0.01,0.386,0.01,1026,Male,Development,ambiguous
7062,1023_IWL_HAP_XX.wav,0.01,0.01,0.114444,0.01,0.427778,0.427778,1023,Male,Development,ambiguous
7090,1034_ITS_DIS_XX.wav,0.01,0.323333,0.114444,0.114444,0.323333,0.114444,1034,Male,Development,ambiguous
7095,1031_IWW_FEA_XX.wav,0.01,0.01,0.01,0.48,0.48,0.01,1031,Male,Development,ambiguous
7104,1034_ITH_HAP_XX.wav,0.01,0.01,0.114444,0.01,0.427778,0.427778,1034,Male,Development,ambiguous
7121,1036_TSI_ANG_XX.wav,0.48,0.01,0.01,0.48,0.01,0.01,1036,Male,Development,ambiguous
7124,1035_TAI_DIS_XX.wav,0.114444,0.01,0.218889,0.323333,0.323333,0.01,1035,Male,Development,ambiguous
7128,1033_IEO_FEA_LO.wav,0.01,0.437273,0.095455,0.01,0.437273,0.01,1033,Male,Development,ambiguous
7143,1020_TSI_HAP_XX.wav,0.01,0.104,0.292,0.198,0.292,0.104,1020,Female,Development,ambiguous
7155,1032_TIE_ANG_XX.wav,0.386,0.01,0.386,0.104,0.104,0.01,1032,Male,Development,ambiguous
7157,1026_IEO_DIS_LO.wav,0.01,0.01,0.48,0.01,0.48,0.01,1026,Male,Development,ambiguous
7161,1028_TIE_DIS_XX.wav,0.104,0.01,0.386,0.104,0.386,0.01,1028,Female,Development,ambiguous
7162,1022_IEO_DIS_HI.wav,0.01,0.104,0.386,0.104,0.386,0.01,1022,Male,Development,ambiguous
7176,1020_IOM_HAP_XX.wav,0.01,0.01,0.104,0.104,0.386,0.386,1020,Female,Development,ambiguous
7177,1034_WSI_ANG_XX.wav,0.104,0.104,0.386,0.01,0.386,0.01,1034,Male,Development,ambiguous
7182,1027_TSI_DIS_XX.wav,0.01,0.01,0.292,0.198,0.198,0.292,1027,Male,Development,ambiguous
7184,1023_IEO_DIS_MD.wav,0.198,0.198,0.01,0.198,0.198,0.198,1023,Male,Development,ambiguous
7186,1020_IEO_FEA_MD.wav,0.01,0.198,0.198,0.292,0.292,0.01,1020,Female,Development,ambiguous
7188,1036_TAI_DIS_XX.wav,0.323333,0.01,0.323333,0.218889,0.114444,0.01,1036,Male,Development,ambiguous
7205,1022_MTI_ANG_XX.wav,0.437273,0.01,0.437273,0.01,0.01,0.095455,1022,Male,Development,ambiguous
7212,1034_WSI_HAP_XX.wav,0.218889,0.01,0.323333,0.01,0.323333,0.114444,1034,Male,Development,ambiguous
7215,1027_IEO_FEA_HI.wav,0.104,0.01,0.01,0.386,0.104,0.386,1027,Male,Development,ambiguous
7225,1034_TIE_HAP_XX.wav,0.386,0.01,0.104,0.01,0.386,0.104,1034,Male,Development,ambiguous
7229,1019_ITS_SAD_XX.wav,0.01,0.180909,0.095455,0.351818,0.351818,0.01,1019,Male,Development,ambiguous
7242,1030_TAI_HAP_XX.wav,0.01,0.01,0.01,0.01,0.48,0.48,1030,Female,Development,ambiguous
7247,1025_WSI_HAP_XX.wav,0.323333,0.01,0.218889,0.01,0.323333,0.114444,1025,Female,Development,ambiguous
7248,1019_TSI_HAP_XX.wav,0.01,0.114444,0.01,0.218889,0.323333,0.323333,1019,Male,Development,ambiguous
7266,1035_TSI_ANG_XX.wav,0.323333,0.01,0.114444,0.323333,0.01,0.218889,1035,Male,Development,ambiguous
7268,1021_TAI_ANG_XX.wav,0.351818,0.01,0.351818,0.01,0.266364,0.01,1021,Female,Development,ambiguous
7277,1025_IWW_FEA_XX.wav,0.01,0.427778,0.01,0.427778,0.01,0.114444,1025,Female,Development,ambiguous
7279,1022_IWW_HAP_XX.wav,0.01,0.218889,0.114444,0.01,0.323333,0.323333,1022,Male,Development,ambiguous
7284,1024_IEO_FEA_HI.wav,0.180909,0.095455,0.351818,0.351818,0.01,0.01,1024,Female,Development,ambiguous
7287,1036_IOM_SAD_XX.wav,0.01,0.351818,0.01,0.351818,0.180909,0.095455,1036,Male,Development,ambiguous
7293,1032_TAI_NEU_XX.wav,0.01,0.48,0.01,0.01,0.48,0.01,1032,Male,Development,ambiguous
7304,1024_ITH_NEU_XX.wav,0.01,0.351818,0.01,0.180909,0.351818,0.095455,1024,Female,Development,ambiguous
7308,1028_TAI_ANG_XX.wav,0.48,0.01,0.48,0.01,0.01,0.01,1028,Female,Development,ambiguous
7312,1020_DFA_FEA_XX.wav,0.1275,0.1275,0.3625,0.01,0.3625,0.01,1020,Female,Development,ambiguous
7320,1031_IEO_HAP_HI.wav,0.198,0.01,0.198,0.01,0.292,0.292,1031,Male,Development,ambiguous
7336,1019_MTI_ANG_XX.wav,0.351818,0.01,0.095455,0.095455,0.351818,0.095455,1019,Male,Development,ambiguous
7339,1025_ITS_DIS_XX.wav,0.095455,0.095455,0.351818,0.01,0.351818,0.095455,1025,Female,Development,ambiguous
7344,1020_TAI_HAP_XX.wav,0.01,0.104,0.104,0.292,0.198,0.292,1020,Female,Development,ambiguous
7349,1032_ITH_FEA_XX.wav,0.01,0.114444,0.01,0.427778,0.427778,0.01,1032,Male,Development,ambiguous
7352,1021_TSI_FEA_XX.wav,0.01,0.323333,0.114444,0.114444,0.323333,0.114444,1021,Female,Development,ambiguous
7368,1030_ITS_FEA_XX.wav,0.01,0.292,0.104,0.104,0.292,0.198,1030,Female,Development,ambiguous
7369,1033_TSI_HAP_XX.wav,0.292,0.104,0.198,0.01,0.292,0.104,1033,Male,Development,ambiguous
7377,1025_IEO_HAP_HI.wav,0.323333,0.01,0.218889,0.01,0.114444,0.323333,1025,Female,Development,ambiguous
7389,1026_ITS_SAD_XX.wav,0.104,0.198,0.104,0.292,0.292,0.01,1026,Male,Development,ambiguous
7390,1032_TSI_SAD_XX.wav,0.104,0.01,0.104,0.198,0.292,0.292,1032,Male,Development,ambiguous
7399,1021_IOM_SAD_XX.wav,0.01,0.386,0.198,0.01,0.386,0.01,1021,Female,Development,ambiguous
7405,1034_ITS_HAP_XX.wav,0.104,0.104,0.104,0.104,0.292,0.292,1034,Male,Development,ambiguous
7413,1024_WSI_HAP_XX.wav,0.114444,0.01,0.323333,0.01,0.323333,0.218889,1024,Female,Development,ambiguous
7429,1025_ITH_ANG_XX.wav,0.095455,0.01,0.180909,0.351818,0.351818,0.01,1025,Female,Development,ambiguous
