,FileName,angry,sad,neutral,happy,EmoAct,EmoVal,SpkrID,Gender,Split_Set,dominant_emotion
5,MSP-IMPROV-S01A-M02-R-MM01.wav,0.483333,0.016667,0.483333,0.016667,0.25,0.40625,2,Male,Train,ambiguous
55,MSP-IMPROV-S02S-F02-R-FF01.wav,0.016667,0.39,0.39,0.203333,0.10714275000000001,0.46428575000000005,2,Female,Train,ambiguous
75,MSP-IMPROV-S03H-M01-R-MM01.wav,0.203333,0.016667,0.39,0.39,0.35,0.5,1,Male,Train,ambiguous
109,MSP-IMPROV-S04H-M03-R-MM01.wav,0.016667,0.016667,0.483333,0.483333,0.25,0.66666675,3,Male,Development,ambiguous
125,MSP-IMPROV-S04S-M01-R-MM01.wav,0.203333,0.39,0.39,0.016667,0.5,0.25,1,Male,Train,ambiguous
157,MSP-IMPROV-S05S-M01-R-MM01.wav,0.483333,0.483333,0.016667,0.016667,0.60714275,0.21428575,1,Male,Train,ambiguous
189,MSP-IMPROV-S06S-M01-R-MM02.wav,0.483333,0.483333,0.016667,0.016667,0.41666675,0.25,1,Male,Train,ambiguous
191,MSP-IMPROV-S06S-M03-R-MM01.wav,0.016667,0.483333,0.483333,0.016667,0.25,0.35,3,Male,Development,ambiguous
217,MSP-IMPROV-S07S-F02-R-FF02.wav,0.327778,0.327778,0.327778,0.016667,0.125,0.33333325,2,Female,Train,ambiguous
235,MSP-IMPROV-S08H-F03-R-FF01.wav,0.016667,0.016667,0.483333,0.483333,0.5,0.65,3,Female,Development,ambiguous
249,MSP-IMPROV-S08S-F02-R-FF01.wav,0.016667,0.483333,0.483333,0.016667,0.25,0.30000000000000004,2,Female,Train,ambiguous
255,MSP-IMPROV-S08S-M01-R-MM02.wav,0.416667,0.416667,0.15,0.016667,0.5625,0.28125,1,Male,Train,ambiguous
290,MSP-IMPROV-S09S-M03-R-MM01.wav,0.016667,0.483333,0.483333,0.016667,0.2,0.25,3,Male,Development,ambiguous
304,MSP-IMPROV-S10H-M01-R-MM01.wav,0.39,0.016667,0.39,0.203333,0.65,0.4,1,Male,Train,ambiguous
313,MSP-IMPROV-S10N-M02-R-MM01.wav,0.203333,0.39,0.39,0.016667,0.2,0.35,2,Male,Train,ambiguous
318,MSP-IMPROV-S10S-F05-R-FF01.wav,0.39,0.39,0.203333,0.016667,0.44999999999999996,0.30000000000000004,5,Female,Train,ambiguous
321,MSP-IMPROV-S10S-M01-R-MM02.wav,0.483333,0.483333,0.016667,0.016667,0.6,0.25,1,Male,Train,ambiguous
323,MSP-IMPROV-S10S-M03-R-MM01.wav,0.39,0.203333,0.39,0.016667,0.30000000000000004,0.35,3,Male,Development,ambiguous
396,MSP-IMPROV-S13N-F03-R-FF01.wav,0.39,0.39,0.203333,0.016667,0.30000000000000004,0.30000000000000004,3,Female,Development,ambiguous
400,MSP-IMPROV-S13N-M02-R-MM01.wav,0.483333,0.016667,0.483333,0.016667,0.25,0.29166675,2,Male,Train,ambiguous
402,MSP-IMPROV-S13S-F02-R-FF01.wav,0.39,0.39,0.203333,0.016667,0.65,0.25,2,Female,Train,ambiguous
419,MSP-IMPROV-S14H-F06-R-FF01.wav,0.016667,0.203333,0.39,0.39,0.35,0.55,6,Female,Train,ambiguous
421,MSP-IMPROV-S14H-M02-R-MM01.wav,0.016667,0.016667,0.483333,0.483333,0.54166675,0.66666675,2,Male,Train,ambiguous
432,MSP-IMPROV-S14S-F05-R-FF01.wav,0.203333,0.39,0.39,0.016667,0.30000000000000004,0.30000000000000004,5,Female,Train,ambiguous
436,MSP-IMPROV-S14S-M03-R-MM01.wav,0.016667,0.483333,0.483333,0.016667,0.25,0.41666675,3,Male,Development,ambiguous
448,MSP-IMPROV-S15H-M01-R-MM01.wav,0.39,0.016667,0.39,0.203333,0.5,0.35,1,Male,Train,ambiguous
461,MSP-IMPROV-S15S-F06-R-FF01.wav,0.15,0.416667,0.416667,0.016667,0.10714275000000001,0.25,6,Female,Train,ambiguous
491,MSP-IMPROV-S16S-F05-R-FF01.wav,0.203333,0.39,0.39,0.016667,0.30000000000000004,0.30000000000000004,5,Female,Train,ambiguous
512,MSP-IMPROV-S17N-F03-R-FF01.wav,0.203333,0.39,0.39,0.016667,0.2,0.25,3,Female,Development,ambiguous
555,MSP-IMPROV-S18S-M01-R-MM01.wav,0.483333,0.483333,0.016667,0.016667,0.44999999999999996,0.2,1,Male,Train,ambiguous
556,MSP-IMPROV-S18S-M02-R-MM01.wav,0.483333,0.016667,0.483333,0.016667,0.20833325000000003,0.375,2,Male,Train,ambiguous
557,MSP-IMPROV-S18S-M03-R-MM01.wav,0.25,0.25,0.25,0.25,0.09999999999999998,0.44999999999999996,3,Male,Development,ambiguous
564,MSP-IMPROV-S19A-M02-R-MM01.wav,0.483333,0.016667,0.483333,0.016667,0.375,0.375,2,Male,Train,ambiguous
613,MSP-IMPROV-S20S-F03-R-FF01.wav,0.203333,0.39,0.39,0.016667,0.35,0.25,3,Female,Development,ambiguous
617,MSP-IMPROV-S20S-M01-R-MM01.wav,0.39,0.203333,0.39,0.016667,0.70833325,0.20833325000000003,1,Male,Train,ambiguous
627,MSP-IMPROV-S01A-F01-S-FM05.wav,0.203333,0.39,0.39,0.016667,0.5,0.35,1,Female,Train,ambiguous
662,MSP-IMPROV-S01A-F03-P-MF10.wav,0.016667,0.016667,0.483333,0.483333,0.375,0.65625,3,Female,Development,ambiguous
665,MSP-IMPROV-S01A-F03-S-FM01.wav,0.016667,0.483333,0.483333,0.016667,0.08333325000000003,0.41666675,3,Female,Development,ambiguous
672,MSP-IMPROV-S01A-F03-S-FM08.wav,0.483333,0.483333,0.016667,0.016667,0.55,0.09999999999999998,3,Female,Development,ambiguous
698,MSP-IMPROV-S01A-F05-P-FM02.wav,0.016667,0.016667,0.483333,0.483333,0.5,0.8,5,Female,Train,ambiguous
714,MSP-IMPROV-S01A-F05-S-FM06.wav,0.39,0.203333,0.39,0.016667,0.29166675,0.33333325,5,Female,Train,ambiguous
715,MSP-IMPROV-S01A-F05-S-FM07.wav,0.203333,0.39,0.39,0.016667,0.4,0.35,5,Female,Train,ambiguous
730,MSP-IMPROV-S01A-F06-P-FM01.wav,0.483333,0.016667,0.483333,0.016667,0.65,0.55,6,Female,Train,ambiguous
737,MSP-IMPROV-S01A-F06-S-FM02.wav,0.483333,0.483333,0.016667,0.016667,0.875,0.25,6,Female,Train,ambiguous
741,MSP-IMPROV-S01A-F06-S-MF02.wav,0.483333,0.016667,0.483333,0.016667,0.35,0.55,6,Female,Train,ambiguous
755,MSP-IMPROV-S01A-M01-S-FM07.wav,0.203333,0.39,0.39,0.016667,0.6,0.55,1,Male,Train,ambiguous
779,MSP-IMPROV-S01A-M03-S-FM01.wav,0.016667,0.016667,0.483333,0.483333,0.25,0.70833325,3,Male,Development,ambiguous
786,MSP-IMPROV-S01A-M03-S-FM08.wav,0.016667,0.016667,0.483333,0.483333,0.25,0.66666675,3,Male,Development,ambiguous
847,MSP-IMPROV-S01A-M05-S-FM12.wav,0.327778,0.016667,0.327778,0.327778,0.4,0.4,5,Male,Train,ambiguous
856,MSP-IMPROV-S01A-M06-P-FM03.wav,0.483333,0.016667,0.483333,0.016667,0.6,0.2,6,Male,Train,ambiguous
860,MSP-IMPROV-S01A-M06-S-FM01.wav,0.39,0.016667,0.39,0.203333,0.30000000000000004,0.35,6,Male,Train,ambiguous
863,MSP-IMPROV-S01A-M06-S-FM04.wav,0.016667,0.016667,0.483333,0.483333,0.58333325,0.625,6,Male,Train,ambiguous
869,MSP-IMPROV-S01H-F01-P-FM01.wav,0.016667,0.203333,0.39,0.39,0.35,0.5,1,Female,Train,ambiguous
955,MSP-IMPROV-S01H-M02-P-MF01.wav,0.327778,0.016667,0.327778,0.327778,0.45833325,0.45833325,2,Male,Train,ambiguous
957,MSP-IMPROV-S01H-M02-S-FM02.wav,0.016667,0.483333,0.483333,0.016667,0.3214285,0.39285725000000005,2,Male,Train,ambiguous
966,MSP-IMPROV-S01H-M03-S-FM01.wav,0.016667,0.016667,0.483333,0.483333,0.5,0.6,3,Male,Development,ambiguous
970,MSP-IMPROV-S01H-M03-S-MF01.wav,0.016667,0.016667,0.483333,0.483333,0.6,0.6,3,Male,Development,ambiguous
972,MSP-IMPROV-S01H-M03-S-MF03.wav,0.016667,0.016667,0.483333,0.483333,0.25,0.75,3,Male,Development,ambiguous
977,MSP-IMPROV-S01H-M04-P-FM04.wav,0.016667,0.016667,0.483333,0.483333,0.4,0.65,4,Male,Test,ambiguous
979,MSP-IMPROV-S01H-M04-P-MF01.wav,0.016667,0.016667,0.483333,0.483333,0.4285715,0.6785715,4,Male,Test,ambiguous
1002,MSP-IMPROV-S01N-F01-P-FM03.wav,0.016667,0.016667,0.483333,0.483333,0.55,0.7,1,Female,Train,ambiguous
1005,MSP-IMPROV-S01N-F01-S-FM03.wav,0.016667,0.416667,0.416667,0.15,0.21428575,0.4285715,1,Female,Train,ambiguous
1013,MSP-IMPROV-S01N-F02-S-FM01.wav,0.483333,0.016667,0.483333,0.016667,0.30000000000000004,0.44999999999999996,2,Female,Train,ambiguous
1029,MSP-IMPROV-S01N-F03-S-MF02.wav,0.483333,0.016667,0.483333,0.016667,0.25,0.33333325,3,Female,Development,ambiguous
1108,MSP-IMPROV-S01S-F01-S-MF03.wav,0.016667,0.483333,0.483333,0.016667,0.33333325,0.25,1,Female,Train,ambiguous
1112,MSP-IMPROV-S01S-F01-T-FM01.wav,0.425,0.425,0.133333,0.016667,0.5661765,0.25,1,Female,Train,ambiguous
1122,MSP-IMPROV-S01S-F03-P-MF01.wav,0.016667,0.016667,0.483333,0.483333,0.25,0.66666675,3,Female,Development,ambiguous
1123,MSP-IMPROV-S01S-F03-P-MF02.wav,0.016667,0.203333,0.39,0.39,0.35,0.6,3,Female,Development,ambiguous
1145,MSP-IMPROV-S01S-F03-S-MF06.wav,0.483333,0.016667,0.483333,0.016667,0.55,0.8500000000000001,3,Female,Development,ambiguous
1175,MSP-IMPROV-S01S-M01-S-FM01.wav,0.016667,0.203333,0.39,0.39,0.2,0.55,1,Male,Train,ambiguous
1206,MSP-IMPROV-S01S-M03-S-MF02.wav,0.016667,0.483333,0.483333,0.016667,0.125,0.33333325,3,Male,Development,ambiguous
1228,MSP-IMPROV-S01S-M06-S-FM04.wav,0.25,0.25,0.25,0.25,0.44999999999999996,0.55,6,Male,Train,ambiguous
1247,MSP-IMPROV-S02A-F01-S-FM04.wav,0.327778,0.327778,0.327778,0.016667,0.6,0.44999999999999996,1,Female,Train,ambiguous
1258,MSP-IMPROV-S02A-F01-S-MF10.wav,0.016667,0.016667,0.483333,0.483333,0.29166675,0.625,1,Female,Train,ambiguous
1316,MSP-IMPROV-S02A-F03-S-FM15.wav,0.483333,0.483333,0.016667,0.016667,0.6,0.4,3,Female,Development,ambiguous
1321,MSP-IMPROV-S02A-F03-S-FM20.wav,0.483333,0.483333,0.016667,0.016667,0.55,0.15000000000000002,3,Female,Development,ambiguous
1323,MSP-IMPROV-S02A-F03-S-FM22.wav,0.203333,0.39,0.39,0.016667,0.44999999999999996,0.25,3,Female,Development,ambiguous
1342,MSP-IMPROV-S02A-F03-T-FM01.wav,0.189506,0.396914,0.396914,0.016667,0.49242425,0.29545449999999995,3,Female,Development,ambiguous
1351,MSP-IMPROV-S02A-F04-P-FM09.wav,0.016667,0.016667,0.483333,0.483333,0.25,0.70833325,4,Female,Test,ambiguous
1374,MSP-IMPROV-S02A-F05-S-MF06.wav,0.483333,0.016667,0.483333,0.016667,0.75,0.30000000000000004,5,Female,Train,ambiguous
1388,MSP-IMPROV-S02A-F06-S-FM06.wav,0.327778,0.327778,0.327778,0.016667,0.6,0.4,6,Female,Train,ambiguous
1392,MSP-IMPROV-S02A-F06-S-MF05.wav,0.483333,0.016667,0.483333,0.016667,0.44999999999999996,0.4,6,Female,Train,ambiguous
1407,MSP-IMPROV-S02A-M01-S-FM07.wav,0.483333,0.016667,0.483333,0.016667,0.55,0.44999999999999996,1,Male,Train,ambiguous
1424,MSP-IMPROV-S02A-M02-P-MF05.wav,0.016667,0.016667,0.483333,0.483333,0.29166675,0.58333325,2,Male,Train,ambiguous
1458,MSP-IMPROV-S02A-M03-S-FM11.wav,0.483333,0.016667,0.483333,0.016667,0.44999999999999996,0.5,3,Male,Development,ambiguous
1503,MSP-IMPROV-S02A-M04-S-MF02.wav,0.483333,0.016667,0.483333,0.016667,0.41666675,0.375,4,Male,Test,ambiguous
1524,MSP-IMPROV-S02A-M05-S-MF03.wav,0.203333,0.016667,0.39,0.39,0.35,0.55,5,Male,Train,ambiguous
1525,MSP-IMPROV-S02A-M05-S-MF04.wav,0.39,0.39,0.203333,0.016667,0.4,0.4,5,Male,Train,ambiguous
1530,MSP-IMPROV-S02A-M05-S-MF09.wav,0.39,0.016667,0.39,0.203333,0.25,0.44999999999999996,5,Male,Train,ambiguous
1556,MSP-IMPROV-S02A-M06-S-MF05.wav,0.016667,0.483333,0.483333,0.016667,0.34375,0.375,6,Male,Train,ambiguous
1583,MSP-IMPROV-S02H-F03-P-MF03.wav,0.016667,0.203333,0.39,0.39,0.30000000000000004,0.65,3,Female,Development,ambiguous
1592,MSP-IMPROV-S02H-F03-S-FM04.wav,0.39,0.203333,0.39,0.016667,0.44999999999999996,0.30000000000000004,3,Female,Development,ambiguous
1595,MSP-IMPROV-S02H-F03-S-FM07.wav,0.016667,0.016667,0.483333,0.483333,0.625,0.66666675,3,Female,Development,ambiguous
1597,MSP-IMPROV-S02H-F03-S-MF01.wav,0.203333,0.016667,0.39,0.39,0.75,0.65,3,Female,Development,ambiguous
1607,MSP-IMPROV-S02H-F04-P-FM06.wav,0.016667,0.016667,0.483333,0.483333,0.16666674999999997,0.625,4,Female,Test,ambiguous
1706,MSP-IMPROV-S02H-M05-S-FM01.wav,0.483333,0.016667,0.016667,0.483333,0.55,0.30000000000000004,5,Male,Train,ambiguous
1709,MSP-IMPROV-S02H-M05-S-MF02.wav,0.016667,0.016667,0.483333,0.483333,0.35,0.6,5,Male,Train,ambiguous
1717,MSP-IMPROV-S02H-M06-S-FM01.wav,0.016667,0.016667,0.483333,0.483333,0.30000000000000004,0.7,6,Male,Train,ambiguous
1724,MSP-IMPROV-S02H-M06-S-MF04.wav,0.203333,0.016667,0.39,0.39,0.4,0.6,6,Male,Train,ambiguous
1725,MSP-IMPROV-S02H-M06-S-MF05.wav,0.203333,0.016667,0.39,0.39,0.44999999999999996,0.65,6,Male,Train,ambiguous
1736,MSP-IMPROV-S02N-F02-P-MF01.wav,0.016667,0.016667,0.483333,0.483333,0.35,0.6,2,Female,Train,ambiguous
1778,MSP-IMPROV-S02N-F06-S-MF02.wav,0.483333,0.016667,0.483333,0.016667,0.54166675,0.29166675,6,Female,Train,ambiguous
1779,MSP-IMPROV-S02N-F06-S-MF03.wav,0.483333,0.016667,0.483333,0.016667,0.35,0.30000000000000004,6,Female,Train,ambiguous
1780,MSP-IMPROV-S02N-F06-S-MF04.wav,0.483333,0.016667,0.483333,0.016667,0.35,0.4,6,Female,Train,ambiguous
1828,MSP-IMPROV-S02N-M05-S-MF01.wav,0.016667,0.39,0.39,0.203333,0.25,0.4,5,Male,Train,ambiguous
1850,MSP-IMPROV-S02N-M06-S-MF11.wav,0.016667,0.483333,0.016667,0.483333,0.30000000000000004,0.55,6,Male,Train,ambiguous
1868,MSP-IMPROV-S02S-F02-S-FM03.wav,0.016667,0.483333,0.483333,0.016667,0.20833325000000003,0.375,2,Female,Train,ambiguous
1901,MSP-IMPROV-S02S-F03-S-MF06.wav,0.016667,0.483333,0.483333,0.016667,0.25,0.34375,3,Female,Development,ambiguous
1936,MSP-IMPROV-S02S-F06-S-FM01.wav,0.327778,0.327778,0.327778,0.016667,0.25,0.33333325,6,Female,Train,ambiguous
1943,MSP-IMPROV-S02S-F06-S-MF01.wav,0.016667,0.483333,0.483333,0.016667,0.35714274999999995,0.3214285,6,Female,Train,ambiguous
1952,MSP-IMPROV-S02S-F06-S-MF10.wav,0.483333,0.016667,0.483333,0.016667,0.4,0.5,6,Female,Train,ambiguous
1996,MSP-IMPROV-S02S-M03-S-FM02.wav,0.016667,0.016667,0.483333,0.483333,0.25,0.55,3,Male,Development,ambiguous
2000,MSP-IMPROV-S02S-M03-S-MF04.wav,0.203333,0.39,0.39,0.016667,0.46428575000000005,0.14285725,3,Male,Development,ambiguous
2065,MSP-IMPROV-S02S-M06-S-MF09.wav,0.39,0.39,0.203333,0.016667,0.65,0.30000000000000004,6,Male,Train,ambiguous
2090,MSP-IMPROV-S03A-F03-P-MF08.wav,0.016667,0.016667,0.483333,0.483333,0.25,0.625,3,Female,Development,ambiguous
2095,MSP-IMPROV-S03A-F03-S-FM05.wav,0.483333,0.016667,0.483333,0.016667,0.25,0.35,3,Female,Development,ambiguous
2099,MSP-IMPROV-S03A-F03-S-MF02.wav,0.016667,0.483333,0.483333,0.016667,0.35714274999999995,0.39285725000000005,3,Female,Development,ambiguous
2159,MSP-IMPROV-S03A-M03-S-MF01.wav,0.016667,0.016667,0.483333,0.483333,0.4285715,0.71428575,3,Male,Development,ambiguous
2165,MSP-IMPROV-S03A-M04-P-FM02.wav,0.15,0.016667,0.416667,0.416667,0.25,0.5,4,Male,Test,ambiguous
2167,MSP-IMPROV-S03A-M04-P-MF01.wav,0.016667,0.016667,0.483333,0.483333,0.29166675,0.625,4,Male,Test,ambiguous
2187,MSP-IMPROV-S03A-M06-S-FM02.wav,0.016667,0.016667,0.483333,0.483333,0.5,0.5,6,Male,Train,ambiguous
2189,MSP-IMPROV-S03A-M06-S-FM04.wav,0.016667,0.483333,0.483333,0.016667,0.35,0.4,6,Male,Train,ambiguous
2203,MSP-IMPROV-S03H-F02-S-FM02.wav,0.203333,0.016667,0.39,0.39,0.30000000000000004,0.65,2,Female,Train,ambiguous
2247,MSP-IMPROV-S03H-F06-S-FM02.wav,0.016667,0.016667,0.483333,0.483333,0.29166675,0.70833325,6,Female,Train,ambiguous
2283,MSP-IMPROV-S03H-M04-P-FM04.wav,0.016667,0.016667,0.483333,0.483333,0.30000000000000004,0.6,4,Male,Test,ambiguous
2286,MSP-IMPROV-S03H-M04-S-FM01.wav,0.39,0.016667,0.39,0.203333,0.35,0.4,4,Male,Test,ambiguous
2310,MSP-IMPROV-S03H-M06-S-MF04.wav,0.016667,0.016667,0.483333,0.483333,0.29166675,0.75,6,Male,Train,ambiguous
2322,MSP-IMPROV-S03N-F02-S-FM02.wav,0.39,0.203333,0.39,0.016667,0.25,0.35,2,Female,Train,ambiguous
2337,MSP-IMPROV-S03N-F04-S-FM01.wav,0.016667,0.016667,0.483333,0.483333,0.30000000000000004,0.44999999999999996,4,Female,Test,ambiguous
2379,MSP-IMPROV-S03N-M04-S-FM01.wav,0.203333,0.016667,0.39,0.39,0.25,0.6,4,Male,Test,ambiguous
2425,MSP-IMPROV-S03S-F02-S-MF02.wav,0.016667,0.39,0.39,0.203333,0.25,0.44999999999999996,2,Female,Train,ambiguous
2446,MSP-IMPROV-S03S-F03-S-MF02.wav,0.016667,0.483333,0.483333,0.016667,0.35,0.35,3,Female,Development,ambiguous
2452,MSP-IMPROV-S03S-F04-P-FM01.wav,0.016667,0.39,0.39,0.203333,0.2,0.44999999999999996,4,Female,Test,ambiguous
2499,MSP-IMPROV-S03S-M02-S-MF01.wav,0.016667,0.483333,0.483333,0.016667,0.30000000000000004,0.30000000000000004,2,Male,Train,ambiguous
2544,MSP-IMPROV-S03S-M05-T-MF01.wav,0.016667,0.483333,0.483333,0.016667,0.35,0.36,5,Male,Train,ambiguous
2565,MSP-IMPROV-S04A-F01-S-FM03.wav,0.39,0.016667,0.39,0.203333,0.30000000000000004,0.4,1,Female,Train,ambiguous
2587,MSP-IMPROV-S04A-F03-P-MF05.wav,0.016667,0.016667,0.483333,0.483333,0.15000000000000002,0.6,3,Female,Development,ambiguous
2602,MSP-IMPROV-S04A-F03-S-FM04.wav,0.39,0.016667,0.39,0.203333,0.44999999999999996,0.35,3,Female,Development,ambiguous
2608,MSP-IMPROV-S04A-F03-S-MF03.wav,0.39,0.203333,0.39,0.016667,0.45833325,0.29166675,3,Female,Development,ambiguous
2612,MSP-IMPROV-S04A-F03-S-MF07.wav,0.483333,0.483333,0.016667,0.016667,0.30000000000000004,0.25,3,Female,Development,ambiguous
2619,MSP-IMPROV-S04A-F04-S-FM01.wav,0.483333,0.016667,0.483333,0.016667,0.41666675,0.33333325,4,Female,Test,ambiguous
2625,MSP-IMPROV-S04A-F05-S-FM04.wav,0.39,0.016667,0.39,0.203333,0.5,0.35,5,Female,Train,ambiguous
2633,MSP-IMPROV-S04A-M01-P-FM01.wav,0.016667,0.203333,0.39,0.39,0.25,0.65,1,Male,Train,ambiguous
2658,MSP-IMPROV-S04A-M03-P-MF08.wav,0.016667,0.016667,0.483333,0.483333,0.25,0.625,3,Male,Development,ambiguous
2672,MSP-IMPROV-S04A-M03-S-MF02.wav,0.016667,0.203333,0.39,0.39,0.2,0.55,3,Male,Development,ambiguous
2673,MSP-IMPROV-S04A-M03-S-MF03.wav,0.483333,0.016667,0.483333,0.016667,0.29166675,0.375,3,Male,Development,ambiguous
2675,MSP-IMPROV-S04A-M03-S-MF05.wav,0.203333,0.39,0.39,0.016667,0.25,0.35,3,Male,Development,ambiguous
2693,MSP-IMPROV-S04A-M05-S-FM05.wav,0.016667,0.39,0.39,0.203333,0.09999999999999998,0.4,5,Male,Train,ambiguous
2735,MSP-IMPROV-S04H-F03-S-FM03.wav,0.203333,0.016667,0.39,0.39,0.5,0.55,3,Female,Development,ambiguous
2762,MSP-IMPROV-S04H-F05-S-MF03.wav,0.327778,0.327778,0.327778,0.016667,0.3214285,0.25,5,Female,Train,ambiguous
2768,MSP-IMPROV-S04H-F06-S-FM01.wav,0.016667,0.016667,0.483333,0.483333,0.6,0.65,6,Female,Train,ambiguous
2769,MSP-IMPROV-S04H-F06-S-FM02.wav,0.016667,0.327778,0.327778,0.327778,0.8500000000000001,0.55,6,Female,Train,ambiguous
2772,MSP-IMPROV-S04H-F06-S-FM05.wav,0.483333,0.016667,0.483333,0.016667,0.55,0.30000000000000004,6,Female,Train,ambiguous
2786,MSP-IMPROV-S04H-M02-P-FM02.wav,0.203333,0.39,0.39,0.016667,0.44999999999999996,0.4,2,Male,Train,ambiguous
2788,MSP-IMPROV-S04H-M02-P-MF01.wav,0.016667,0.016667,0.483333,0.483333,0.25,0.66666675,2,Male,Train,ambiguous
2807,MSP-IMPROV-S04H-M03-S-FM03.wav,0.016667,0.203333,0.39,0.39,0.09999999999999998,0.55,3,Male,Development,ambiguous
2809,MSP-IMPROV-S04H-M03-S-FM05.wav,0.203333,0.39,0.39,0.016667,0.30000000000000004,0.30000000000000004,3,Male,Development,ambiguous
2812,MSP-IMPROV-S04H-M03-S-MF01.wav,0.016667,0.016667,0.483333,0.483333,0.58333325,0.625,3,Male,Development,ambiguous
2830,MSP-IMPROV-S04H-M05-P-MF04.wav,0.016667,0.016667,0.483333,0.483333,0.33333325,0.625,5,Male,Train,ambiguous
2867,MSP-IMPROV-S04N-F02-S-MF04.wav,0.016667,0.016667,0.483333,0.483333,0.25,0.70833325,2,Female,Train,ambiguous
2898,MSP-IMPROV-S04N-F06-P-FM01.wav,0.016667,0.016667,0.483333,0.483333,0.29166675,0.58333325,6,Female,Train,ambiguous
3052,MSP-IMPROV-S04S-M02-S-FM01.wav,0.016667,0.483333,0.483333,0.016667,0.25,0.55,2,Male,Train,ambiguous
3059,MSP-IMPROV-S04S-M03-P-MF02.wav,0.016667,0.483333,0.483333,0.016667,0.125,0.29166675,3,Male,Development,ambiguous
3075,MSP-IMPROV-S04S-M04-P-MF02.wav,0.016667,0.016667,0.483333,0.483333,0.30000000000000004,0.6,4,Male,Test,ambiguous
3083,MSP-IMPROV-S04S-M05-P-FM03.wav,0.016667,0.016667,0.483333,0.483333,0.30000000000000004,0.44999999999999996,5,Male,Train,ambiguous
3103,MSP-IMPROV-S04S-M06-P-MF02.wav,0.016667,0.016667,0.483333,0.483333,0.25,0.65,6,Male,Train,ambiguous
3130,MSP-IMPROV-S05A-F02-S-FM02.wav,0.483333,0.016667,0.483333,0.016667,0.35,0.35,2,Female,Train,ambiguous
3137,MSP-IMPROV-S05A-F03-P-FM01.wav,0.483333,0.483333,0.016667,0.016667,0.33333325,0.16666674999999997,3,Female,Development,ambiguous
3138,MSP-IMPROV-S05A-F03-P-FM02.wav,0.39,0.39,0.203333,0.016667,0.35,0.30000000000000004,3,Female,Development,ambiguous
3146,MSP-IMPROV-S05A-F03-P-MF05.wav,0.327778,0.327778,0.327778,0.016667,0.44999999999999996,0.2,3,Female,Development,ambiguous
3169,MSP-IMPROV-S05A-F05-P-FM03.wav,0.39,0.203333,0.39,0.016667,0.4,0.4,5,Female,Train,ambiguous
3181,MSP-IMPROV-S05A-F06-S-MF01.wav,0.39,0.203333,0.39,0.016667,0.5,0.29166675,6,Female,Train,ambiguous
3191,MSP-IMPROV-S05A-M01-S-FM01.wav,0.327778,0.327778,0.327778,0.016667,0.35,0.25,1,Male,Train,ambiguous
3209,MSP-IMPROV-S05A-M02-S-FM02.wav,0.016667,0.483333,0.483333,0.016667,0.25,0.375,2,Male,Train,ambiguous
3247,MSP-IMPROV-S05A-M05-P-FM02.wav,0.016667,0.016667,0.483333,0.483333,0.25,0.54166675,5,Male,Train,ambiguous
3259,MSP-IMPROV-S05A-M06-S-FM02.wav,0.483333,0.016667,0.483333,0.016667,0.75,0.35,6,Male,Train,ambiguous
3291,MSP-IMPROV-S05H-F03-S-FM02.wav,0.016667,0.016667,0.483333,0.483333,0.54166675,0.75,3,Female,Development,ambiguous
3295,MSP-IMPROV-S05H-F03-S-FM06.wav,0.39,0.203333,0.39,0.016667,0.35,0.30000000000000004,3,Female,Development,ambiguous
3354,MSP-IMPROV-S05H-M02-P-MF01.wav,0.203333,0.016667,0.39,0.39,0.44999999999999996,0.6,2,Male,Train,ambiguous
3364,MSP-IMPROV-S05H-M03-P-FM05.wav,0.016667,0.016667,0.483333,0.483333,0.25,0.54166675,3,Male,Development,ambiguous
3405,MSP-IMPROV-S05H-M06-P-MF05.wav,0.016667,0.016667,0.483333,0.483333,0.5,0.75,6,Male,Train,ambiguous
3407,MSP-IMPROV-S05H-M06-S-FM01.wav,0.25,0.25,0.25,0.25,0.65,0.4,6,Male,Train,ambiguous
3427,MSP-IMPROV-S05N-F02-S-FM02.wav,0.39,0.39,0.203333,0.016667,0.30000000000000004,0.30000000000000004,2,Female,Train,ambiguous
3433,MSP-IMPROV-S05N-F03-P-MF02.wav,0.016667,0.483333,0.483333,0.016667,0.625,0.66666675,3,Female,Development,ambiguous
3441,MSP-IMPROV-S05N-F03-S-MF04.wav,0.016667,0.483333,0.483333,0.016667,0.30000000000000004,0.30000000000000004,3,Female,Development,ambiguous
3455,MSP-IMPROV-S05N-F06-P-FM02.wav,0.203333,0.016667,0.39,0.39,0.25,0.55,6,Female,Train,ambiguous
3460,MSP-IMPROV-S05N-F06-S-MF01.wav,0.39,0.016667,0.39,0.203333,0.44999999999999996,0.25,6,Female,Train,ambiguous
3478,MSP-IMPROV-S05N-M03-P-MF01.wav,0.016667,0.016667,0.483333,0.483333,0.16666674999999997,0.70833325,3,Male,Development,ambiguous
3488,MSP-IMPROV-S05N-M04-P-FM01.wav,0.016667,0.483333,0.483333,0.016667,0.375,0.375,4,Male,Test,ambiguous
3495,MSP-IMPROV-S05N-M05-S-FM01.wav,0.39,0.39,0.203333,0.016667,0.25,0.2,5,Male,Train,ambiguous
3498,MSP-IMPROV-S05N-M05-S-MF01.wav,0.016667,0.483333,0.483333,0.016667,0.33333325,0.29166675,5,Male,Train,ambiguous
3506,MSP-IMPROV-S05N-M06-S-MF01.wav,0.39,0.016667,0.39,0.203333,0.25,0.44999999999999996,6,Male,Train,ambiguous
3538,MSP-IMPROV-S05S-F03-P-MF01.wav,0.016667,0.203333,0.39,0.39,0.35,0.6,3,Female,Development,ambiguous
3552,MSP-IMPROV-S05S-F04-P-FM01.wav,0.016667,0.016667,0.483333,0.483333,0.21875,0.625,4,Female,Test,ambiguous
3554,MSP-IMPROV-S05S-F04-P-FM03.wav,0.016667,0.016667,0.483333,0.483333,0.29166675,0.70833325,4,Female,Test,ambiguous
3567,MSP-IMPROV-S05S-F05-S-MF02.wav,0.39,0.39,0.203333,0.016667,0.44999999999999996,0.30000000000000004,5,Female,Train,ambiguous
3568,MSP-IMPROV-S05S-F05-S-MF03.wav,0.327778,0.327778,0.327778,0.016667,0.25,0.30000000000000004,5,Female,Train,ambiguous
3586,MSP-IMPROV-S05S-F06-S-MF06.wav,0.203333,0.39,0.39,0.016667,0.55,0.35,6,Female,Train,ambiguous
3590,MSP-IMPROV-S05S-M01-P-FM01.wav,0.016667,0.483333,0.483333,0.016667,0.041666749999999975,0.375,1,Male,Train,ambiguous
3594,MSP-IMPROV-S05S-M01-S-FM01.wav,0.416667,0.016667,0.416667,0.15,0.5,0.4285715,1,Male,Train,ambiguous
3602,MSP-IMPROV-S05S-M02-S-FM02.wav,0.016667,0.483333,0.483333,0.016667,0.25,0.33333325,2,Male,Train,ambiguous
3603,MSP-IMPROV-S05S-M02-S-FM03.wav,0.016667,0.39,0.39,0.203333,0.25,0.35,2,Male,Train,ambiguous
3636,MSP-IMPROV-S05S-M04-S-MF02.wav,0.327778,0.327778,0.327778,0.016667,0.33333325,0.33333325,4,Male,Test,ambiguous
3649,MSP-IMPROV-S05S-M05-S-MF02.wav,0.016667,0.39,0.39,0.203333,0.2,0.44999999999999996,5,Male,Train,ambiguous
3660,MSP-IMPROV-S05S-M06-S-FM01.wav,0.016667,0.483333,0.483333,0.016667,0.30000000000000004,0.44999999999999996,6,Male,Train,ambiguous
3665,MSP-IMPROV-S05S-M06-S-MF01.wav,0.483333,0.483333,0.016667,0.016667,0.5,0.04999999999999999,6,Male,Train,ambiguous
3666,MSP-IMPROV-S05S-M06-S-MF02.wav,0.483333,0.483333,0.016667,0.016667,0.625,0.16666674999999997,6,Male,Train,ambiguous
3671,MSP-IMPROV-S05S-M06-S-MF07.wav,0.016667,0.483333,0.483333,0.016667,0.15625,0.28125,6,Male,Train,ambiguous
3681,MSP-IMPROV-S06A-F01-S-FM01.wav,0.483333,0.016667,0.483333,0.016667,0.4,0.4,1,Female,Train,ambiguous
3686,MSP-IMPROV-S06A-F02-P-FM01.wav,0.016667,0.016667,0.483333,0.483333,0.15000000000000002,0.65,2,Female,Train,ambiguous
3708,MSP-IMPROV-S06A-F03-P-MF01.wav,0.016667,0.016667,0.483333,0.483333,0.55,0.75,3,Female,Development,ambiguous
3724,MSP-IMPROV-S06A-F03-S-MF07.wav,0.39,0.203333,0.39,0.016667,0.30000000000000004,0.30000000000000004,3,Female,Development,ambiguous
3742,MSP-IMPROV-S06A-F04-S-MF02.wav,0.203333,0.39,0.39,0.016667,0.15000000000000002,0.30000000000000004,4,Female,Test,ambiguous
3748,MSP-IMPROV-S06A-F05-P-FM04.wav,0.016667,0.483333,0.483333,0.016667,0.125,0.33333325,5,Female,Train,ambiguous
3756,MSP-IMPROV-S06A-F05-S-MF04.wav,0.39,0.016667,0.203333,0.39,0.6,0.44999999999999996,5,Female,Train,ambiguous
3787,MSP-IMPROV-S06A-M02-S-FM01.wav,0.016667,0.483333,0.483333,0.016667,0.16666674999999997,0.41666675,2,Male,Train,ambiguous
3807,MSP-IMPROV-S06A-M03-P-MF07.wav,0.39,0.016667,0.203333,0.39,0.25,0.6,3,Male,Development,ambiguous
3832,MSP-IMPROV-S06A-M04-S-FM03.wav,0.016667,0.483333,0.483333,0.016667,0.29166675,0.375,4,Male,Test,ambiguous
3840,MSP-IMPROV-S06A-M05-S-FM01.wav,0.016667,0.483333,0.483333,0.016667,0.125,0.375,5,Male,Train,ambiguous
3892,MSP-IMPROV-S06H-F03-S-MF02.wav,0.203333,0.016667,0.39,0.39,0.35,0.55,3,Female,Development,ambiguous
3926,MSP-IMPROV-S06H-F06-S-FM02.wav,0.016667,0.39,0.203333,0.39,0.41666675,0.33333325,6,Female,Train,ambiguous
3931,MSP-IMPROV-S06H-F06-S-MF02.wav,0.016667,0.016667,0.483333,0.483333,0.35,0.65,6,Female,Train,ambiguous
3935,MSP-IMPROV-S06H-M01-P-FM01.wav,0.016667,0.016667,0.483333,0.483333,0.46428575000000005,0.6785715,1,Male,Train,ambiguous
4012,MSP-IMPROV-S06H-M06-S-MF02.wav,0.016667,0.016667,0.483333,0.483333,0.5,0.6,6,Male,Train,ambiguous
4016,MSP-IMPROV-S06N-F01-P-MF01.wav,0.016667,0.483333,0.483333,0.016667,0.30000000000000004,0.4,1,Female,Train,ambiguous
4040,MSP-IMPROV-S06N-F04-S-FM02.wav,0.016667,0.203333,0.39,0.39,0.15000000000000002,0.6,4,Female,Test,ambiguous
4068,MSP-IMPROV-S06N-M01-T-MF01.wav,0.435057,0.081034,0.435057,0.048851,0.29166675,0.36666675000000004,1,Male,Train,ambiguous
4089,MSP-IMPROV-S06N-M05-P-MF02.wav,0.016667,0.203333,0.39,0.39,0.30000000000000004,0.6,5,Male,Train,ambiguous
4149,MSP-IMPROV-S06S-F06-S-FM02.wav,0.016667,0.483333,0.483333,0.016667,0.35,0.35,6,Female,Train,ambiguous
4152,MSP-IMPROV-S06S-F06-S-MF02.wav,0.016667,0.483333,0.483333,0.016667,0.16666674999999997,0.41666675,6,Female,Train,ambiguous
4166,MSP-IMPROV-S06S-M02-S-FM02.wav,0.203333,0.39,0.39,0.016667,0.30000000000000004,0.30000000000000004,2,Male,Train,ambiguous
4171,MSP-IMPROV-S06S-M03-P-MF01.wav,0.016667,0.016667,0.483333,0.483333,0.35,0.55,3,Male,Development,ambiguous
4176,MSP-IMPROV-S06S-M03-S-MF02.wav,0.016667,0.483333,0.483333,0.016667,0.16666674999999997,0.375,3,Male,Development,ambiguous
4189,MSP-IMPROV-S06S-M04-S-MF01.wav,0.016667,0.483333,0.483333,0.016667,0.25,0.29166675,4,Male,Test,ambiguous
4216,MSP-IMPROV-S07A-F01-P-MF02.wav,0.016667,0.203333,0.39,0.39,0.25,0.65,1,Female,Train,ambiguous
4223,MSP-IMPROV-S07A-F01-T-FM01.wav,0.339744,0.016667,0.339744,0.303846,0.41964274999999995,0.5089285,1,Female,Train,ambiguous
4228,MSP-IMPROV-S07A-F02-S-MF01.wav,0.016667,0.39,0.39,0.203333,0.33333325,0.58333325,2,Female,Train,ambiguous
4229,MSP-IMPROV-S07A-F02-S-MF02.wav,0.016667,0.483333,0.483333,0.016667,0.30000000000000004,0.2,2,Female,Train,ambiguous
4239,MSP-IMPROV-S07A-F03-S-FM01.wav,0.39,0.203333,0.39,0.016667,0.30000000000000004,0.30000000000000004,3,Female,Development,ambiguous
4242,MSP-IMPROV-S07A-F03-S-MF02.wav,0.016667,0.483333,0.483333,0.016667,0.34375,0.40625,3,Female,Development,ambiguous
4261,MSP-IMPROV-S07A-F06-P-FM02.wav,0.016667,0.016667,0.483333,0.483333,0.4,0.6,6,Female,Train,ambiguous
4280,MSP-IMPROV-S07A-M01-P-FM02.wav,0.016667,0.483333,0.483333,0.016667,0.25,0.40625,1,Male,Train,ambiguous
4293,MSP-IMPROV-S07A-M02-P-FM01.wav,0.15,0.416667,0.416667,0.016667,0.35714274999999995,0.35714274999999995,2,Male,Train,ambiguous
4322,MSP-IMPROV-S07A-M05-S-MF02.wav,0.39,0.016667,0.203333,0.39,0.60714275,0.3214285,5,Male,Train,ambiguous
4327,MSP-IMPROV-S07A-M06-S-FM02.wav,0.016667,0.016667,0.483333,0.483333,0.41666675,0.66666675,6,Male,Train,ambiguous
4337,MSP-IMPROV-S07A-M06-S-MF05.wav,0.15,0.416667,0.416667,0.016667,0.28571424999999995,0.28571424999999995,6,Male,Train,ambiguous
4339,MSP-IMPROV-S07A-M06-S-MF07.wav,0.327778,0.327778,0.327778,0.016667,0.41666675,0.29166675,6,Male,Train,ambiguous
4340,MSP-IMPROV-S07A-M06-S-MF08.wav,0.203333,0.39,0.39,0.016667,0.2,0.25,6,Male,Train,ambiguous
4342,MSP-IMPROV-S07H-F01-P-FM01.wav,0.016667,0.016667,0.483333,0.483333,0.35714274999999995,0.5714285,1,Female,Train,ambiguous
4343,MSP-IMPROV-S07H-F01-P-FM02.wav,0.016667,0.39,0.203333,0.39,0.30000000000000004,0.44999999999999996,1,Female,Train,ambiguous
4374,MSP-IMPROV-S07H-F03-S-FM01.wav,0.327778,0.016667,0.327778,0.327778,0.6,0.55,3,Female,Development,ambiguous
4426,MSP-IMPROV-S07H-M02-S-FM02.wav,0.016667,0.016667,0.483333,0.483333,0.20833325000000003,0.625,2,Male,Train,ambiguous
4430,MSP-IMPROV-S07H-M03-P-FM01.wav,0.016667,0.016667,0.483333,0.483333,0.35,0.55,3,Male,Development,ambiguous
4445,MSP-IMPROV-S07H-M03-S-MF02.wav,0.016667,0.016667,0.483333,0.483333,0.375,0.70833325,3,Male,Development,ambiguous
4558,MSP-IMPROV-S07N-M05-S-FM02.wav,0.016667,0.483333,0.483333,0.016667,0.09999999999999998,0.25,5,Male,Train,ambiguous
4559,MSP-IMPROV-S07N-M05-S-FM03.wav,0.016667,0.483333,0.483333,0.016667,0.08333325000000003,0.29166675,5,Male,Train,ambiguous
4596,MSP-IMPROV-S07S-F03-P-MF04.wav,0.016667,0.016667,0.483333,0.483333,0.25,0.625,3,Female,Development,ambiguous
4606,MSP-IMPROV-S07S-F03-S-MF04.wav,0.39,0.203333,0.39,0.016667,0.45833325,0.58333325,3,Female,Development,ambiguous
4614,MSP-IMPROV-S07S-F04-S-MF01.wav,0.016667,0.203333,0.39,0.39,0.44999999999999996,0.55,4,Female,Test,ambiguous
4619,MSP-IMPROV-S07S-F05-S-MF01.wav,0.016667,0.203333,0.39,0.39,0.5,0.65,5,Female,Train,ambiguous
4665,MSP-IMPROV-S07S-M03-S-MF05.wav,0.016667,0.39,0.39,0.203333,0.4,0.44999999999999996,3,Male,Development,ambiguous
4666,MSP-IMPROV-S07S-M03-S-MF06.wav,0.016667,0.39,0.39,0.203333,0.35,0.5,3,Male,Development,ambiguous
4698,MSP-IMPROV-S08A-F01-P-FM01.wav,0.203333,0.016667,0.39,0.39,0.30000000000000004,0.7,1,Female,Train,ambiguous
4707,MSP-IMPROV-S08A-F01-S-FM04.wav,0.483333,0.016667,0.483333,0.016667,0.44999999999999996,0.4,1,Female,Train,ambiguous
4736,MSP-IMPROV-S08A-F02-S-MF15.wav,0.016667,0.016667,0.483333,0.483333,0.25,0.5,2,Female,Train,ambiguous
4746,MSP-IMPROV-S08A-F03-P-FM07.wav,0.327778,0.016667,0.327778,0.327778,0.6,0.55,3,Female,Development,ambiguous
4761,MSP-IMPROV-S08A-F03-S-MF02.wav,0.39,0.016667,0.39,0.203333,0.30000000000000004,0.6,3,Female,Development,ambiguous
4763,MSP-IMPROV-S08A-F03-S-MF04.wav,0.016667,0.016667,0.483333,0.483333,0.7,0.7,3,Female,Development,ambiguous
4798,MSP-IMPROV-S08A-F04-P-FM29.wav,0.016667,0.016667,0.483333,0.483333,0.55,0.55,4,Female,Test,ambiguous
4814,MSP-IMPROV-S08A-F04-S-FM09.wav,0.483333,0.483333,0.016667,0.016667,0.41666675,0.16666674999999997,4,Female,Test,ambiguous
4820,MSP-IMPROV-S08A-F04-S-FM15.wav,0.483333,0.483333,0.016667,0.016667,0.29166675,0.25,4,Female,Test,ambiguous
4823,MSP-IMPROV-S08A-F04-S-MF02.wav,0.016667,0.016667,0.483333,0.483333,0.29166675,0.54166675,4,Female,Test,ambiguous
4824,MSP-IMPROV-S08A-F04-T-FM01.wav,0.138406,0.381884,0.381884,0.097826,0.33035725000000005,0.34821424999999995,4,Female,Test,ambiguous
4847,MSP-IMPROV-S08A-F05-S-FM04.wav,0.39,0.016667,0.39,0.203333,0.7,0.5,5,Female,Train,ambiguous
4860,MSP-IMPROV-S08A-F05-S-MF11.wav,0.203333,0.016667,0.39,0.39,0.65,0.6,5,Female,Train,ambiguous
4886,MSP-IMPROV-S08A-F06-S-MF03.wav,0.483333,0.016667,0.483333,0.016667,0.55,0.35,6,Female,Train,ambiguous
4892,MSP-IMPROV-S08A-M01-P-MF01.wav,0.39,0.39,0.203333,0.016667,0.15000000000000002,0.35,1,Male,Train,ambiguous
4926,MSP-IMPROV-S08A-M02-S-MF08.wav,0.483333,0.016667,0.483333,0.016667,0.55,0.4,2,Male,Train,ambiguous
4930,MSP-IMPROV-S08A-M02-S-MF12.wav,0.39,0.016667,0.39,0.203333,0.6,0.55,2,Male,Train,ambiguous
4961,MSP-IMPROV-S08A-M04-P-FM04.wav,0.016667,0.016667,0.483333,0.483333,0.25,0.5,4,Male,Test,ambiguous
4969,MSP-IMPROV-S08A-M04-P-FM12.wav,0.016667,0.016667,0.483333,0.483333,0.4,0.8500000000000001,4,Male,Test,ambiguous
5016,MSP-IMPROV-S08A-M05-P-MF08.wav,0.016667,0.203333,0.39,0.39,0.35,0.6,5,Male,Train,ambiguous
5039,MSP-IMPROV-S08A-M05-S-MF05.wav,0.203333,0.016667,0.39,0.39,0.6,0.55,5,Male,Train,ambiguous
5052,MSP-IMPROV-S08A-M06-P-MF01.wav,0.203333,0.39,0.39,0.016667,0.30000000000000004,0.30000000000000004,6,Male,Train,ambiguous
5059,MSP-IMPROV-S08A-M06-S-FM06.wav,0.203333,0.39,0.39,0.016667,0.25,0.30000000000000004,6,Male,Train,ambiguous
5064,MSP-IMPROV-S08A-M06-S-MF04.wav,0.483333,0.016667,0.483333,0.016667,0.66666675,0.375,6,Male,Train,ambiguous
5079,MSP-IMPROV-S08H-F02-P-MF01.wav,0.016667,0.203333,0.39,0.39,0.30000000000000004,0.55,2,Female,Train,ambiguous
5083,MSP-IMPROV-S08H-F02-S-FM02.wav,0.016667,0.016667,0.483333,0.483333,0.5,0.55,2,Female,Train,ambiguous
5085,MSP-IMPROV-S08H-F02-S-FM04.wav,0.016667,0.016667,0.483333,0.483333,0.375,0.65625,2,Female,Train,ambiguous
5095,MSP-IMPROV-S08H-F02-S-MF07.wav,0.016667,0.016667,0.483333,0.483333,0.25,0.58333325,2,Female,Train,ambiguous
5124,MSP-IMPROV-S08H-F04-S-MF01.wav,0.016667,0.016667,0.483333,0.483333,0.375,0.70833325,4,Female,Test,ambiguous
5170,MSP-IMPROV-S08H-F06-S-FM08.wav,0.016667,0.016667,0.483333,0.483333,0.4285715,0.6785715,6,Female,Train,ambiguous
5177,MSP-IMPROV-S08H-F06-S-MF04.wav,0.016667,0.016667,0.483333,0.483333,0.60714275,0.64285725,6,Female,Train,ambiguous
5219,MSP-IMPROV-S08H-M03-S-FM02.wav,0.016667,0.016667,0.483333,0.483333,0.45833325,0.625,3,Male,Development,ambiguous
5256,MSP-IMPROV-S08H-M05-P-MF14.wav,0.016667,0.203333,0.39,0.39,0.15000000000000002,0.5,5,Male,Train,ambiguous
5301,MSP-IMPROV-S08H-M06-S-MF03.wav,0.016667,0.016667,0.483333,0.483333,0.70833325,0.625,6,Male,Train,ambiguous
5390,MSP-IMPROV-S08N-M01-P-MF04.wav,0.016667,0.483333,0.016667,0.483333,0.4,0.75,1,Male,Train,ambiguous
5440,MSP-IMPROV-S08N-M05-S-MF04.wav,0.016667,0.016667,0.483333,0.483333,0.35,0.6,5,Male,Train,ambiguous
5467,MSP-IMPROV-S08S-F01-S-FM03.wav,0.39,0.39,0.016667,0.203333,0.5,0.25,1,Female,Train,ambiguous
5469,MSP-IMPROV-S08S-F01-S-MF01.wav,0.016667,0.483333,0.483333,0.016667,0.16666674999999997,0.375,1,Female,Train,ambiguous
5477,MSP-IMPROV-S08S-F02-S-FM02.wav,0.016667,0.483333,0.483333,0.016667,0.45833325,0.45833325,2,Female,Train,ambiguous
5484,MSP-IMPROV-S08S-F02-S-MF04.wav,0.39,0.39,0.203333,0.016667,0.30000000000000004,0.25,2,Female,Train,ambiguous
5528,MSP-IMPROV-S08S-F03-S-MF15.wav,0.016667,0.483333,0.483333,0.016667,0.44999999999999996,0.15000000000000002,3,Female,Development,ambiguous
5539,MSP-IMPROV-S08S-F04-S-MF02.wav,0.016667,0.483333,0.483333,0.016667,0.3125,0.46875,4,Female,Test,ambiguous
5543,MSP-IMPROV-S08S-F05-P-FM02.wav,0.016667,0.016667,0.483333,0.483333,0.6,0.65,5,Female,Train,ambiguous
5568,MSP-IMPROV-S08S-M01-P-FM02.wav,0.483333,0.016667,0.483333,0.016667,0.375,0.29166675,1,Male,Train,ambiguous
5574,MSP-IMPROV-S08S-M01-S-FM01.wav,0.483333,0.016667,0.483333,0.016667,0.33333325,0.25,1,Male,Train,ambiguous
5575,MSP-IMPROV-S08S-M01-S-FM02.wav,0.416667,0.016667,0.416667,0.15,0.3214285,0.28571424999999995,1,Male,Train,ambiguous
5582,MSP-IMPROV-S08S-M02-P-MF02.wav,0.016667,0.327778,0.327778,0.327778,0.35,0.5,2,Male,Train,ambiguous
5587,MSP-IMPROV-S08S-M02-P-MF07.wav,0.016667,0.016667,0.483333,0.483333,0.4,0.5,2,Male,Train,ambiguous
5595,MSP-IMPROV-S08S-M02-S-FM04.wav,0.203333,0.39,0.39,0.016667,0.25,0.30000000000000004,2,Male,Train,ambiguous
5602,MSP-IMPROV-S08S-M02-S-MF02.wav,0.203333,0.39,0.39,0.016667,0.44999999999999996,0.4,2,Male,Train,ambiguous
5609,MSP-IMPROV-S08S-M02-S-MF09.wav,0.016667,0.483333,0.483333,0.016667,0.44999999999999996,0.25,2,Male,Train,ambiguous
5628,MSP-IMPROV-S08S-M03-S-MF01.wav,0.203333,0.39,0.39,0.016667,0.09999999999999998,0.30000000000000004,3,Male,Development,ambiguous
5659,MSP-IMPROV-S08S-M04-S-MF02.wav,0.39,0.39,0.203333,0.016667,0.30000000000000004,0.4,4,Male,Test,ambiguous
5664,MSP-IMPROV-S08S-M05-S-FM01.wav,0.016667,0.483333,0.483333,0.016667,0.20833325000000003,0.29166675,5,Male,Train,ambiguous
5670,MSP-IMPROV-S08S-M05-S-MF02.wav,0.39,0.203333,0.39,0.016667,0.4,0.30000000000000004,5,Male,Train,ambiguous
5679,MSP-IMPROV-S08S-M06-S-MF02.wav,0.483333,0.483333,0.016667,0.016667,0.2,0.2,6,Male,Train,ambiguous
5697,MSP-IMPROV-S09A-F01-S-MF02.wav,0.016667,0.483333,0.483333,0.016667,0.30000000000000004,0.25,1,Female,Train,ambiguous
5699,MSP-IMPROV-S09A-F02-P-FM01.wav,0.016667,0.016667,0.483333,0.483333,0.45833325,0.66666675,2,Female,Train,ambiguous
5702,MSP-IMPROV-S09A-F02-P-MF01.wav,0.016667,0.483333,0.483333,0.016667,0.33333325,0.33333325,2,Female,Train,ambiguous
5707,MSP-IMPROV-S09A-F02-S-MF02.wav,0.39,0.203333,0.39,0.016667,0.35,0.35,2,Female,Train,ambiguous
5713,MSP-IMPROV-S09A-F03-P-MF03.wav,0.39,0.203333,0.39,0.016667,0.25,0.30000000000000004,3,Female,Development,ambiguous
5730,MSP-IMPROV-S09A-F04-S-FM05.wav,0.39,0.016667,0.39,0.203333,0.35,0.4,4,Female,Test,ambiguous
5764,MSP-IMPROV-S09A-M01-P-MF01.wav,0.483333,0.016667,0.483333,0.016667,0.25,0.25,1,Male,Train,ambiguous
5789,MSP-IMPROV-S09A-M03-S-MF03.wav,0.016667,0.39,0.39,0.203333,0.25,0.44999999999999996,3,Male,Development,ambiguous
5796,MSP-IMPROV-S09A-M04-S-FM02.wav,0.016667,0.016667,0.483333,0.483333,0.6,0.8,4,Male,Test,ambiguous
5818,MSP-IMPROV-S09A-M06-P-MF08.wav,0.016667,0.016667,0.483333,0.483333,0.6,0.6,6,Male,Train,ambiguous
5868,MSP-IMPROV-S09H-F03-S-FM02.wav,0.016667,0.39,0.39,0.203333,0.35,0.4,3,Female,Development,ambiguous
5896,MSP-IMPROV-S09H-F05-S-FM03.wav,0.016667,0.016667,0.483333,0.483333,0.44999999999999996,0.7,5,Female,Train,ambiguous
5903,MSP-IMPROV-S09H-F05-S-MF03.wav,0.016667,0.016667,0.483333,0.483333,0.30000000000000004,0.5,5,Female,Train,ambiguous
5906,MSP-IMPROV-S09H-F05-T-FM01.wav,0.065789,0.016667,0.458772,0.458772,0.5875,0.6375,5,Female,Train,ambiguous
5923,MSP-IMPROV-S09H-F06-S-MF11.wav,0.327778,0.172222,0.327778,0.172222,0.45833325,0.41666675,6,Female,Train,ambiguous
5931,MSP-IMPROV-S09H-M01-P-FM03.wav,0.016667,0.016667,0.483333,0.483333,0.25,0.5,1,Male,Train,ambiguous
5935,MSP-IMPROV-S09H-M01-P-MF04.wav,0.39,0.016667,0.203333,0.39,0.6,0.6,1,Male,Train,ambiguous
5936,MSP-IMPROV-S09H-M01-S-FM01.wav,0.016667,0.39,0.39,0.203333,0.5,0.4,1,Male,Train,ambiguous
5943,MSP-IMPROV-S09H-M02-P-MF02.wav,0.016667,0.016667,0.483333,0.483333,0.40625,0.3125,2,Male,Train,ambiguous
5966,MSP-IMPROV-S09H-M03-S-MF01.wav,0.016667,0.016667,0.483333,0.483333,0.4,0.65,3,Male,Development,ambiguous
5968,MSP-IMPROV-S09H-M03-S-MF03.wav,0.016667,0.203333,0.39,0.39,0.30000000000000004,0.55,3,Male,Development,ambiguous
5998,MSP-IMPROV-S09H-M05-T-MF01.wav,0.046774,0.016667,0.46828,0.46828,0.58870975,0.63709675,5,Male,Train,ambiguous
6040,MSP-IMPROV-S09N-F03-P-FM01.wav,0.016667,0.15,0.416667,0.416667,0.60714275,0.60714275,3,Female,Development,ambiguous
6049,MSP-IMPROV-S09N-F04-P-FM01.wav,0.203333,0.39,0.39,0.016667,0.2,0.44999999999999996,4,Female,Test,ambiguous
6093,MSP-IMPROV-S09N-M04-P-FM01.wav,0.016667,0.39,0.39,0.203333,0.30000000000000004,0.44999999999999996,4,Male,Test,ambiguous
6111,MSP-IMPROV-S09N-M06-S-MF01.wav,0.016667,0.016667,0.483333,0.483333,0.44999999999999996,0.55,6,Male,Train,ambiguous
6162,MSP-IMPROV-S09S-F06-S-FM01.wav,0.203333,0.39,0.39,0.016667,0.2,0.15000000000000002,6,Female,Train,ambiguous
6182,MSP-IMPROV-S09S-M01-P-MF03.wav,0.016667,0.483333,0.483333,0.016667,0.25,0.25,1,Male,Train,ambiguous
6188,MSP-IMPROV-S09S-M01-S-MF02.wav,0.016667,0.483333,0.483333,0.016667,0.30000000000000004,0.35,1,Male,Train,ambiguous
6235,MSP-IMPROV-S10A-F01-P-FM02.wav,0.39,0.203333,0.39,0.016667,0.2,0.25,1,Female,Train,ambiguous
6262,MSP-IMPROV-S10A-F03-P-MF01.wav,0.39,0.016667,0.39,0.203333,0.6,0.6,3,Female,Development,ambiguous
6263,MSP-IMPROV-S10A-F03-P-MF02.wav,0.39,0.203333,0.39,0.016667,0.30000000000000004,0.35,3,Female,Development,ambiguous
6268,MSP-IMPROV-S10A-F03-P-MF07.wav,0.39,0.016667,0.39,0.203333,0.65,0.55,3,Female,Development,ambiguous
6269,MSP-IMPROV-S10A-F03-P-MF08.wav,0.483333,0.016667,0.483333,0.016667,0.55,0.4,3,Female,Development,ambiguous
6271,MSP-IMPROV-S10A-F03-S-FM01.wav,0.366667,0.016667,0.25,0.366667,0.59375,0.5,3,Female,Development,ambiguous
6293,MSP-IMPROV-S10A-F04-S-FM02.wav,0.483333,0.016667,0.483333,0.016667,0.41666675,0.25,4,Female,Test,ambiguous
6294,MSP-IMPROV-S10A-F04-S-MF01.wav,0.016667,0.483333,0.483333,0.016667,0.25,0.35,4,Female,Test,ambiguous
6321,MSP-IMPROV-S10A-M02-P-MF04.wav,0.327778,0.172222,0.327778,0.172222,0.375,0.375,2,Male,Train,ambiguous
6330,MSP-IMPROV-S10A-M02-S-MF04.wav,0.39,0.016667,0.39,0.203333,0.7,0.44999999999999996,2,Male,Train,ambiguous
6331,MSP-IMPROV-S10A-M02-S-MF05.wav,0.483333,0.016667,0.483333,0.016667,0.5,0.25,2,Male,Train,ambiguous
6335,MSP-IMPROV-S10A-M03-P-MF01.wav,0.016667,0.016667,0.483333,0.483333,0.25,0.5,3,Male,Development,ambiguous
6337,MSP-IMPROV-S10A-M03-P-MF03.wav,0.016667,0.016667,0.483333,0.483333,0.375,0.625,3,Male,Development,ambiguous
6362,MSP-IMPROV-S10A-M04-P-MF01.wav,0.203333,0.39,0.39,0.016667,0.4,0.35,4,Male,Test,ambiguous
6399,MSP-IMPROV-S10H-F02-S-FM02.wav,0.016667,0.203333,0.39,0.39,0.09999999999999998,0.7,2,Female,Train,ambiguous
6401,MSP-IMPROV-S10H-F02-S-FM04.wav,0.016667,0.016667,0.483333,0.483333,0.25,0.6,2,Female,Train,ambiguous
6402,MSP-IMPROV-S10H-F02-S-FM05.wav,0.203333,0.016667,0.39,0.39,0.2,0.5,2,Female,Train,ambiguous
6429,MSP-IMPROV-S10H-F03-S-FM06.wav,0.016667,0.016667,0.483333,0.483333,0.44999999999999996,0.6,3,Female,Development,ambiguous
6443,MSP-IMPROV-S10H-F03-S-MF13.wav,0.016667,0.016667,0.483333,0.483333,0.45833325,0.66666675,3,Female,Development,ambiguous
6455,MSP-IMPROV-S10H-F05-S-MF01.wav,0.016667,0.016667,0.483333,0.483333,0.625,0.7916667500000001,5,Female,Train,ambiguous
6468,MSP-IMPROV-S10H-F06-S-FM04.wav,0.483333,0.016667,0.483333,0.016667,0.6,0.30000000000000004,6,Female,Train,ambiguous
6501,MSP-IMPROV-S10H-M03-P-MF02.wav,0.016667,0.203333,0.39,0.39,0.25,0.7,3,Male,Development,ambiguous
6519,MSP-IMPROV-S10H-M03-S-FM08.wav,0.483333,0.016667,0.483333,0.016667,0.33333325,0.375,3,Male,Development,ambiguous
6525,MSP-IMPROV-S10H-M03-S-MF06.wav,0.25,0.25,0.25,0.25,0.44999999999999996,0.5,3,Male,Development,ambiguous
6535,MSP-IMPROV-S10H-M03-T-MF01.wav,0.052564,0.052564,0.447436,0.447436,0.38888900000000004,0.56481475,3,Male,Development,ambiguous
6539,MSP-IMPROV-S10H-M04-S-FM01.wav,0.016667,0.016667,0.483333,0.483333,0.45833325,0.70833325,4,Male,Test,ambiguous
6573,MSP-IMPROV-S10N-F01-S-FM01.wav,0.016667,0.327778,0.327778,0.327778,0.16666674999999997,0.66666675,1,Female,Train,ambiguous
6577,MSP-IMPROV-S10N-F01-S-MF04.wav,0.016667,0.327778,0.327778,0.327778,0.25,0.5,1,Female,Train,ambiguous
6598,MSP-IMPROV-S10N-F03-S-MF01.wav,0.203333,0.016667,0.39,0.39,0.30000000000000004,0.5,3,Female,Development,ambiguous
6604,MSP-IMPROV-S10N-F04-P-FM01.wav,0.016667,0.016667,0.483333,0.483333,0.20833325000000003,0.625,4,Female,Test,ambiguous
6614,MSP-IMPROV-S10N-F04-S-MF01.wav,0.016667,0.016667,0.483333,0.483333,0.40625,0.75,4,Female,Test,ambiguous
6627,MSP-IMPROV-S10N-F06-S-FM01.wav,0.016667,0.016667,0.483333,0.483333,0.25,0.71875,6,Female,Train,ambiguous
6628,MSP-IMPROV-S10N-F06-S-FM02.wav,0.016667,0.016667,0.483333,0.483333,0.30000000000000004,0.6,6,Female,Train,ambiguous
6630,MSP-IMPROV-S10N-F06-S-FM04.wav,0.016667,0.016667,0.483333,0.483333,0.41666675,0.66666675,6,Female,Train,ambiguous
6646,MSP-IMPROV-S10N-M01-S-MF01.wav,0.203333,0.39,0.39,0.016667,0.20833325000000003,0.33333325,1,Male,Train,ambiguous
6689,MSP-IMPROV-S10N-M05-S-FM02.wav,0.25,0.25,0.25,0.25,0.15000000000000002,0.4,5,Male,Train,ambiguous
6701,MSP-IMPROV-S10N-M06-S-FM05.wav,0.016667,0.016667,0.483333,0.483333,0.44999999999999996,0.75,6,Male,Train,ambiguous
6720,MSP-IMPROV-S10S-F02-S-FM02.wav,0.016667,0.483333,0.483333,0.016667,0.39285725000000005,0.28571424999999995,2,Female,Train,ambiguous
6733,MSP-IMPROV-S10S-F03-S-FM01.wav,0.016667,0.016667,0.483333,0.483333,0.20833325000000003,0.66666675,3,Female,Development,ambiguous
6748,MSP-IMPROV-S10S-F04-S-MF05.wav,0.203333,0.39,0.39,0.016667,0.15000000000000002,0.25,4,Female,Test,ambiguous
6749,MSP-IMPROV-S10S-F04-T-FM01.wav,0.101515,0.440909,0.440909,0.016667,0.31818175000000004,0.29545449999999995,4,Female,Test,ambiguous
6779,MSP-IMPROV-S10S-M02-S-MF01.wav,0.016667,0.39,0.39,0.203333,0.15000000000000002,0.4,2,Male,Train,ambiguous
6811,MSP-IMPROV-S10S-M05-S-FM02.wav,0.39,0.203333,0.39,0.016667,0.2,0.35,5,Male,Train,ambiguous
6819,MSP-IMPROV-S10S-M06-S-FM02.wav,0.016667,0.483333,0.483333,0.016667,0.29166675,0.41666675,6,Male,Train,ambiguous
6826,MSP-IMPROV-S11A-F02-P-FM03.wav,0.203333,0.39,0.39,0.016667,0.2,0.35,2,Female,Train,ambiguous
6829,MSP-IMPROV-S11A-F02-S-FM02.wav,0.203333,0.016667,0.39,0.39,0.25,0.5,2,Female,Train,ambiguous
6844,MSP-IMPROV-S11A-F05-S-FM01.wav,0.483333,0.016667,0.483333,0.016667,0.6,0.5,5,Female,Train,ambiguous
6862,MSP-IMPROV-S11A-F06-S-FM01.wav,0.483333,0.016667,0.483333,0.016667,0.44999999999999996,0.5,6,Female,Train,ambiguous
6879,MSP-IMPROV-S11A-M02-S-MF02.wav,0.203333,0.39,0.39,0.016667,0.25,0.41666675,2,Male,Train,ambiguous
6899,MSP-IMPROV-S11A-M05-S-FM04.wav,0.483333,0.016667,0.483333,0.016667,0.5,0.35,5,Male,Train,ambiguous
6905,MSP-IMPROV-S11A-M05-S-MF02.wav,0.483333,0.016667,0.483333,0.016667,0.5,0.7,5,Male,Train,ambiguous
6911,MSP-IMPROV-S11A-M06-S-FM02.wav,0.016667,0.016667,0.483333,0.483333,0.44999999999999996,0.44999999999999996,6,Male,Train,ambiguous
6946,MSP-IMPROV-S11H-F04-S-MF01.wav,0.016667,0.016667,0.483333,0.483333,0.25,0.54166675,4,Female,Test,ambiguous
6965,MSP-IMPROV-S11H-F06-S-MF04.wav,0.203333,0.016667,0.39,0.39,0.35,0.65,6,Female,Train,ambiguous
6968,MSP-IMPROV-S11H-F06-S-MF07.wav,0.016667,0.483333,0.483333,0.016667,0.6,0.30000000000000004,6,Female,Train,ambiguous
6973,MSP-IMPROV-S11H-M02-P-FM01.wav,0.483333,0.016667,0.483333,0.016667,0.4,0.35,2,Male,Train,ambiguous
6985,MSP-IMPROV-S11H-M02-S-FM02.wav,0.016667,0.016667,0.483333,0.483333,0.44999999999999996,0.6,2,Male,Train,ambiguous
6986,MSP-IMPROV-S11H-M02-S-FM03.wav,0.016667,0.483333,0.483333,0.016667,0.39285725000000005,0.39285725000000005,2,Male,Train,ambiguous
6990,MSP-IMPROV-S11H-M02-S-MF03.wav,0.016667,0.016667,0.483333,0.483333,0.5,0.75,2,Male,Train,ambiguous
7024,MSP-IMPROV-S11H-M06-S-FM05.wav,0.016667,0.016667,0.483333,0.483333,0.09999999999999998,0.5,6,Male,Train,ambiguous
7042,MSP-IMPROV-S11N-F02-P-FM04.wav,0.15,0.016667,0.416667,0.416667,0.28571424999999995,0.5714285,2,Female,Train,ambiguous
7049,MSP-IMPROV-S11N-F04-S-FM01.wav,0.016667,0.483333,0.483333,0.016667,0.125,0.41666675,4,Female,Test,ambiguous
7057,MSP-IMPROV-S11N-F05-S-MF01.wav,0.483333,0.016667,0.483333,0.016667,0.30000000000000004,0.4,5,Female,Train,ambiguous
7100,MSP-IMPROV-S11S-F04-S-FM02.wav,0.016667,0.483333,0.483333,0.016667,0.16666674999999997,0.29166675,4,Female,Test,ambiguous
7112,MSP-IMPROV-S11S-F05-S-MF02.wav,0.016667,0.483333,0.483333,0.016667,0.4,0.5,5,Female,Train,ambiguous
7173,MSP-IMPROV-S12A-M02-P-FM01.wav,0.016667,0.016667,0.483333,0.483333,0.25,0.66666675,2,Male,Train,ambiguous
7181,MSP-IMPROV-S12A-M04-S-FM01.wav,0.327778,0.327778,0.016667,0.327778,0.5,0.4,4,Male,Test,ambiguous
7208,MSP-IMPROV-S12H-F04-S-FM03.wav,0.016667,0.016667,0.483333,0.483333,0.30000000000000004,0.7,4,Female,Test,ambiguous
7217,MSP-IMPROV-S12H-F05-S-MF02.wav,0.39,0.016667,0.39,0.203333,0.8500000000000001,0.4,5,Female,Train,ambiguous
7222,MSP-IMPROV-S12H-F06-S-FM01.wav,0.016667,0.016667,0.483333,0.483333,0.65,0.55,6,Female,Train,ambiguous
7228,MSP-IMPROV-S12H-M02-P-FM01.wav,0.016667,0.016667,0.483333,0.483333,0.375,0.625,2,Male,Train,ambiguous
7246,MSP-IMPROV-S12H-M05-P-FM01.wav,0.016667,0.016667,0.483333,0.483333,0.30000000000000004,0.6,5,Male,Train,ambiguous
7287,MSP-IMPROV-S12N-F05-P-FM01.wav,0.016667,0.016667,0.483333,0.483333,0.33333325,0.58333325,5,Female,Train,ambiguous
7294,MSP-IMPROV-S12N-F06-P-FM01.wav,0.15,0.016667,0.416667,0.416667,0.4285715,0.64285725,6,Female,Train,ambiguous
7306,MSP-IMPROV-S12N-M04-S-MF01.wav,0.39,0.39,0.203333,0.016667,0.2,0.30000000000000004,4,Male,Test,ambiguous
7343,MSP-IMPROV-S12S-F06-P-MF01.wav,0.016667,0.016667,0.483333,0.483333,0.20833325000000003,0.58333325,6,Female,Train,ambiguous
7370,MSP-IMPROV-S12S-M02-S-MF03.wav,0.39,0.203333,0.39,0.016667,0.44999999999999996,0.2,2,Male,Train,ambiguous
7400,MSP-IMPROV-S12S-M06-P-MF07.wav,0.016667,0.39,0.39,0.203333,0.4,0.44999999999999996,6,Male,Train,ambiguous
7403,MSP-IMPROV-S12S-M06-P-MF10.wav,0.016667,0.016667,0.483333,0.483333,0.5,0.6,6,Male,Train,ambiguous
7418,MSP-IMPROV-S13A-F02-P-FM02.wav,0.39,0.203333,0.39,0.016667,0.4,0.30000000000000004,2,Female,Train,ambiguous
7442,MSP-IMPROV-S13A-F06-S-FM07.wav,0.39,0.203333,0.39,0.016667,0.35,0.55,6,Female,Train,ambiguous
7462,MSP-IMPROV-S13A-M05-S-MF01.wav,0.483333,0.016667,0.483333,0.016667,0.41666675,0.33333325,5,Male,Train,ambiguous
7468,MSP-IMPROV-S13A-M06-S-FM03.wav,0.203333,0.016667,0.39,0.39,0.65,0.7,6,Male,Train,ambiguous
7470,MSP-IMPROV-S13A-M06-S-FM05.wav,0.483333,0.483333,0.016667,0.016667,0.6,0.2,6,Male,Train,ambiguous
7476,MSP-IMPROV-S13A-M06-S-MF05.wav,0.016667,0.203333,0.39,0.39,0.25,0.55,6,Male,Train,ambiguous
7501,MSP-IMPROV-S13H-F04-S-FM04.wav,0.016667,0.016667,0.483333,0.483333,0.16666674999999997,0.75,4,Female,Test,ambiguous
7518,MSP-IMPROV-S13H-F06-S-FM04.wav,0.016667,0.016667,0.483333,0.483333,0.20833325000000003,0.75,6,Female,Train,ambiguous
7549,MSP-IMPROV-S13H-M05-P-MF06.wav,0.016667,0.203333,0.39,0.39,0.44999999999999996,0.55,5,Male,Train,ambiguous
7575,MSP-IMPROV-S13N-F04-S-FM02.wav,0.016667,0.016667,0.483333,0.483333,0.375,0.66666675,4,Female,Test,ambiguous
7592,MSP-IMPROV-S13N-F06-P-MF06.wav,0.016667,0.016667,0.483333,0.483333,0.5,0.55,6,Female,Train,ambiguous
7605,MSP-IMPROV-S13N-F06-S-MF06.wav,0.39,0.39,0.203333,0.016667,0.27777775000000005,0.27777775000000005,6,Female,Train,ambiguous
7620,MSP-IMPROV-S13N-M05-P-MF01.wav,0.15,0.416667,0.416667,0.016667,0.09375,0.28125,5,Male,Train,ambiguous
7642,MSP-IMPROV-S13N-M06-S-FM03.wav,0.327778,0.327778,0.327778,0.016667,0.5,0.35,6,Male,Train,ambiguous
7643,MSP-IMPROV-S13N-M06-S-FM04.wav,0.016667,0.016667,0.483333,0.483333,0.33333325,0.70833325,6,Male,Train,ambiguous
7646,MSP-IMPROV-S13N-M06-S-MF03.wav,0.016667,0.016667,0.483333,0.483333,0.58333325,0.625,6,Male,Train,ambiguous
7670,MSP-IMPROV-S13S-F05-S-MF03.wav,0.016667,0.483333,0.483333,0.016667,0.10714275000000001,0.35714274999999995,5,Female,Train,ambiguous
7685,MSP-IMPROV-S13S-M02-S-MF02.wav,0.25,0.25,0.25,0.25,0.15000000000000002,0.30000000000000004,2,Male,Train,ambiguous
7690,MSP-IMPROV-S13S-M04-S-FM01.wav,0.016667,0.39,0.203333,0.39,0.625,0.53125,4,Male,Test,ambiguous
7701,MSP-IMPROV-S13S-M05-S-MF03.wav,0.016667,0.483333,0.483333,0.016667,0.30000000000000004,0.44999999999999996,5,Male,Train,ambiguous
7714,MSP-IMPROV-S14A-F02-P-FM04.wav,0.016667,0.016667,0.483333,0.483333,0.45833325,0.625,2,Female,Train,ambiguous
7759,MSP-IMPROV-S14A-M02-P-FM04.wav,0.483333,0.016667,0.483333,0.016667,0.44999999999999996,0.35,2,Male,Train,ambiguous
7767,MSP-IMPROV-S14A-M02-S-FM03.wav,0.483333,0.016667,0.483333,0.016667,0.4,0.35,2,Male,Train,ambiguous
7836,MSP-IMPROV-S14H-F06-P-FM01.wav,0.016667,0.016667,0.483333,0.483333,0.45833325,0.66666675,6,Female,Train,ambiguous
7875,MSP-IMPROV-S14H-M04-P-MF01.wav,0.203333,0.016667,0.39,0.39,0.4,0.6,4,Male,Test,ambiguous
7971,MSP-IMPROV-S14N-M04-P-FM05.wav,0.016667,0.203333,0.39,0.39,0.35,0.7,4,Male,Test,ambiguous
7978,MSP-IMPROV-S14N-M05-P-FM03.wav,0.016667,0.483333,0.483333,0.016667,0.15000000000000002,0.30000000000000004,5,Male,Train,ambiguous
7981,MSP-IMPROV-S14N-M05-S-FM02.wav,0.016667,0.203333,0.39,0.39,0.35,0.75,5,Male,Train,ambiguous
7996,MSP-IMPROV-S14N-M06-S-FM04.wav,0.016667,0.203333,0.39,0.39,0.35,0.75,6,Male,Train,ambiguous
8023,MSP-IMPROV-S14S-F05-S-FM01.wav,0.016667,0.483333,0.483333,0.016667,0.35,0.25,5,Female,Train,ambiguous
8030,MSP-IMPROV-S14S-F05-S-MF06.wav,0.016667,0.483333,0.483333,0.016667,0.16666674999999997,0.33333325,5,Female,Train,ambiguous
8048,MSP-IMPROV-S14S-M02-S-MF01.wav,0.016667,0.483333,0.483333,0.016667,0.04999999999999999,0.35,2,Male,Train,ambiguous
8075,MSP-IMPROV-S15A-F02-P-MF02.wav,0.016667,0.016667,0.483333,0.483333,0.16666674999999997,0.5,2,Female,Train,ambiguous
8111,MSP-IMPROV-S15A-M02-S-FM01.wav,0.016667,0.483333,0.483333,0.016667,0.45833325,0.29166675,2,Male,Train,ambiguous
8142,MSP-IMPROV-S15A-M06-S-MF01.wav,0.39,0.016667,0.39,0.203333,0.44999999999999996,0.44999999999999996,6,Male,Train,ambiguous
8143,MSP-IMPROV-S15A-M06-S-MF02.wav,0.203333,0.39,0.39,0.016667,0.15000000000000002,0.4,6,Male,Train,ambiguous
8148,MSP-IMPROV-S15H-F02-P-FM02.wav,0.016667,0.016667,0.483333,0.483333,0.45833325,0.66666675,2,Female,Train,ambiguous
8176,MSP-IMPROV-S15H-F06-S-FM02.wav,0.016667,0.016667,0.483333,0.483333,0.35,0.7,6,Female,Train,ambiguous
8178,MSP-IMPROV-S15H-F06-S-FM05.wav,0.016667,0.016667,0.483333,0.483333,0.28125,0.59375,6,Female,Train,ambiguous
8199,MSP-IMPROV-S15H-M02-S-MF05.wav,0.016667,0.016667,0.483333,0.483333,0.41666675,0.66666675,2,Male,Train,ambiguous
8216,MSP-IMPROV-S15H-M05-S-MF01.wav,0.016667,0.016667,0.483333,0.483333,0.28571424999999995,0.71428575,5,Male,Train,ambiguous
8247,MSP-IMPROV-S15N-F02-S-MF03.wav,0.39,0.016667,0.39,0.203333,0.35,0.44999999999999996,2,Female,Train,ambiguous
8269,MSP-IMPROV-S15N-F06-P-MF01.wav,0.016667,0.016667,0.483333,0.483333,0.3214285,0.60714275,6,Female,Train,ambiguous
8285,MSP-IMPROV-S15N-M02-P-MF07.wav,0.016667,0.016667,0.483333,0.483333,0.29166675,0.625,2,Male,Train,ambiguous
8321,MSP-IMPROV-S15S-F02-P-FM01.wav,0.016667,0.483333,0.483333,0.016667,0.33333325,0.33333325,2,Female,Train,ambiguous
8371,MSP-IMPROV-S15S-M06-S-FM03.wav,0.203333,0.39,0.39,0.016667,0.55,0.4,6,Male,Train,ambiguous
